DateTime,Mean_Temperature_Â°C,Humidity_Level_%,Mean_Windspeed_km/h,ATM_Pressure,ATM_Phenom_Fog,ATM_Phenom_Snow,ATM_Phenom_Rain,ATM_Phenom_Sultriness,Day_of_Week,Season
2014-01-01,2.0,89.0,3.0,1020.0,1,0,1,0,2,1
2014-01-02,3.0,99.0,6.0,1018.0,0,0,1,0,3,1
2014-01-03,4.0,96.0,8.0,1021.0,0,0,1,0,4,1
2014-01-04,5.0,99.0,6.0,1015.0,1,0,1,0,5,1
2014-01-05,6.0,98.0,6.0,1007.0,1,0,1,0,6,1
2014-01-06,5.0,96.0,4.0,1020.0,1,0,0,1,0,1
2014-01-07,5.0,94.0,4.0,1025.0,1,0,0,1,1,1
2014-01-08,8.0,84.0,7.0,1027.0,0,0,0,0,2,1
2014-01-09,8.0,87.0,7.0,1022.0,0,0,0,0,3,1
2014-01-10,9.0,90.0,5.0,1019.0,0,0,1,1,4,1
2014-01-11,9.0,94.0,6.0,1022.0,0,0,1,0,5,1
2014-01-12,5.0,99.0,6.0,1023.0,1,0,0,0,6,1
2014-01-13,5.0,100.0,7.0,1019.0,1,0,1,0,0,1
2014-01-14,6.0,94.0,8.0,1008.0,0,0,1,0,1,1
2014-01-15,4.0,90.0,8.0,1012.0,1,0,0,0,2,1
2014-01-16,3.0,99.0,4.0,1015.0,1,0,1,1,3,1
2014-01-17,3.0,100.0,8.0,1010.0,0,0,1,0,4,1
2014-01-18,4.0,100.0,6.0,1009.0,0,0,1,0,5,1
2014-01-19,6.0,100.0,6.0,1003.0,0,0,1,0,6,1
2014-01-20,7.0,100.0,7.0,1001.0,0,0,1,0,0,1
2014-01-21,7.0,95.0,6.0,1005.0,1,0,0,0,1,1
2014-01-22,7.0,92.0,3.0,1011.0,1,0,0,1,2,1
2014-01-23,8.0,90.0,4.0,1015.0,1,0,0,1,3,1
2014-01-24,7.0,84.0,6.0,1008.0,1,0,0,0,4,1
2014-01-25,5.0,55.0,5.0,1010.0,0,0,0,0,5,1
2014-01-26,7.0,58.0,10.0,1009.0,0,0,0,0,6,1
2014-01-27,5.0,85.0,7.0,1001.0,0,0,0,0,0,1
2014-01-28,3.0,90.0,6.0,1001.0,1,0,0,0,1,1
2014-01-29,2.0,92.0,7.0,1004.0,1,0,1,0,2,1
2014-01-30,2.0,99.0,6.0,1009.0,0,1,1,0,3,1
2014-01-31,3.0,98.0,9.0,1011.0,0,0,1,0,4,1
2014-02-01,5.0,100.0,7.0,1010.0,1,0,1,0,5,1
2014-02-02,6.0,97.0,7.0,1009.0,1,0,1,0,6,1
2014-02-03,7.0,100.0,7.0,1013.0,0,0,1,0,0,1
2014-02-04,7.0,98.0,8.0,1015.0,0,0,1,0,1,1
2014-02-05,7.0,99.0,10.0,1011.0,1,0,1,0,2,1
2014-02-06,7.0,87.0,7.0,1013.0,1,0,1,0,3,1
2014-02-07,6.0,97.0,6.0,1012.0,1,0,1,0,4,1
2014-02-08,5.0,97.0,6.0,1008.0,1,0,1,0,5,1
2014-02-09,7.0,87.0,10.0,1003.0,1,0,1,0,6,1
2014-02-10,5.0,94.0,13.0,1004.0,0,0,1,0,0,1
2014-02-11,6.0,91.0,7.0,1006.0,1,0,1,0,1,1
2014-02-12,8.0,71.0,9.0,1008.0,0,0,0,0,2,1
2014-02-13,5.0,85.0,7.0,1009.0,0,0,1,0,3,1
2014-02-14,7.0,71.0,8.0,1012.0,0,0,0,0,4,1
2014-02-15,6.0,83.0,4.0,1016.0,0,0,0,0,5,1
2014-02-16,7.0,98.0,4.0,1014.0,1,0,1,1,6,1
2014-02-17,8.0,96.0,6.0,1014.0,1,0,1,0,0,1
2014-02-18,9.0,89.0,6.0,1020.0,0,0,0,0,1,1
2014-02-19,9.0,96.0,7.0,1013.0,0,0,1,0,2,1
2014-02-20,9.0,93.0,6.0,1014.0,0,0,1,0,3,1
2014-02-21,9.0,88.0,5.0,1012.0,0,0,1,0,4,1
2014-02-22,9.0,80.0,7.0,1013.0,1,0,0,0,5,1
2014-02-23,8.0,80.0,6.0,1022.0,0,0,0,0,6,1
2014-02-24,8.0,75.0,5.0,1022.0,1,0,0,0,0,1
2014-02-25,7.0,77.0,5.0,1019.0,1,0,0,0,1,1
2014-02-26,8.0,92.0,8.0,1019.0,0,0,1,0,2,1
2014-02-27,7.0,93.0,5.0,1020.0,0,0,1,1,3,1
2014-02-28,7.0,90.0,9.0,1009.0,1,0,1,0,4,1
2014-03-01,7.0,93.0,10.0,999.0,0,0,1,0,5,2
2014-03-02,8.0,86.0,8.0,1000.0,0,0,1,0,6,2
2014-03-03,8.0,87.0,6.0,997.0,0,0,1,0,0,2
2014-03-04,10.0,76.0,9.0,997.0,0,0,1,0,1,2
2014-03-05,10.0,69.0,7.0,1010.0,1,0,0,0,2,2
2014-03-06,11.0,60.0,6.0,1019.0,0,0,0,0,3,2
2014-03-07,11.0,60.0,6.0,1022.0,0,0,0,0,4,2
2014-03-08,10.0,71.0,8.0,1027.0,0,0,0,0,5,2
2014-03-09,10.0,74.0,5.0,1029.0,1,0,0,0,6,2
2014-03-10,10.0,70.0,8.0,1023.0,0,0,0,0,0,2
2014-03-11,9.0,68.0,6.0,1024.0,0,0,0,0,1,2
2014-03-12,11.0,63.0,6.0,1029.0,0,0,0,0,2,2
2014-03-13,11.0,64.0,5.0,1027.0,1,0,0,0,3,2
2014-03-14,12.0,63.0,4.0,1025.0,0,0,0,0,4,2
2014-03-15,12.0,67.0,10.0,1016.0,1,0,0,0,5,2
2014-03-16,16.0,60.0,9.0,1015.0,0,0,0,0,6,2
2014-03-17,15.0,67.0,7.0,1017.0,1,0,0,0,0,2
2014-03-18,13.0,79.0,9.0,1018.0,1,0,0,0,1,2
2014-03-19,16.0,65.0,12.0,1019.0,0,0,0,0,2,2
2014-03-20,13.0,87.0,8.0,1025.0,1,0,0,0,3,2
2014-03-21,14.0,79.0,8.0,1020.0,1,0,0,0,4,2
2014-03-22,13.0,84.0,11.0,1012.0,0,0,1,0,5,2
2014-03-23,10.0,81.0,14.0,1000.0,0,0,1,0,6,2
2014-03-24,10.0,57.0,11.0,1006.0,0,0,0,0,0,2
2014-03-25,7.0,72.0,11.0,1008.0,0,0,1,0,1,2
2014-03-26,9.0,75.0,8.0,1010.0,0,0,1,0,2,2
2014-03-27,10.0,67.0,6.0,1010.0,0,0,0,0,3,2
2014-03-28,11.0,68.0,6.0,1015.0,0,0,0,0,4,2
2014-03-29,13.0,61.0,6.0,1021.0,0,0,0,0,5,2
2014-03-30,14.0,60.0,6.0,1018.0,0,0,0,0,6,2
2014-03-31,14.0,58.0,11.0,1015.0,0,0,0,0,0,2
2014-04-01,15.0,62.0,11.0,1014.0,0,0,0,0,1,2
2014-04-02,14.0,69.0,9.0,1014.0,0,0,0,0,2,2
2014-04-03,14.0,77.0,5.0,1011.0,0,0,0,0,3,2
2014-04-04,14.0,80.0,6.0,1007.0,0,0,1,0,4,2
2014-04-05,15.0,79.0,9.0,1010.0,1,0,1,0,5,2
2014-04-06,16.0,69.0,6.0,1016.0,1,0,0,0,6,2
2014-04-07,18.0,62.0,6.0,1018.0,0,0,0,0,0,2
2014-04-08,16.0,69.0,9.0,1017.0,0,0,0,0,1,2
2014-04-09,16.0,64.0,10.0,1017.0,1,0,0,0,2,2
2014-04-10,16.0,54.0,9.0,1017.0,0,0,0,0,3,2
2014-04-11,16.0,62.0,10.0,1016.0,0,0,0,0,4,2
2014-04-12,16.0,61.0,8.0,1016.0,0,0,0,0,5,2
2014-04-13,16.0,69.0,8.0,1016.0,0,0,0,0,6,2
2014-04-14,16.0,68.0,10.0,1014.0,0,0,0,0,0,2
2014-04-15,15.0,44.0,17.0,1013.0,0,0,0,0,1,2
2014-04-16,12.0,37.0,8.0,1020.0,0,0,0,0,2,2
2014-04-17,12.0,37.0,6.0,1018.0,0,0,0,0,3,2
2014-04-18,12.0,49.0,5.0,1009.0,0,0,1,0,4,2
2014-04-19,11.0,83.0,12.0,1005.0,0,0,1,0,5,2
2014-04-20,13.0,78.0,8.0,1006.0,1,0,1,0,6,2
2014-04-21,12.0,95.0,9.0,1007.0,0,0,1,0,0,2
2014-04-22,15.0,79.0,5.0,1012.0,1,0,1,0,1,2
2014-04-23,16.0,72.0,6.0,1016.0,1,0,0,0,2,2
2014-04-24,18.0,68.0,6.0,1014.0,1,0,0,0,3,2
2014-04-25,19.0,63.0,6.0,1010.0,0,0,0,0,4,2
2014-04-26,19.0,62.0,7.0,1008.0,0,0,0,0,5,2
2014-04-27,15.0,82.0,11.0,1005.0,0,0,1,0,6,2
2014-04-28,12.0,97.0,6.0,1005.0,0,0,1,0,0,2
2014-04-29,16.0,76.0,7.0,1008.0,0,0,1,0,1,2
2014-04-30,13.0,89.0,8.0,1008.0,0,0,1,0,2,2
2014-05-01,15.0,75.0,7.0,1010.0,1,0,1,0,3,2
2014-05-02,13.0,86.0,8.0,1009.0,0,0,1,0,4,2
2014-05-03,16.0,77.0,8.0,1008.0,1,0,1,0,5,2
2014-05-04,16.0,63.0,6.0,1011.0,1,0,0,0,6,2
2014-05-05,17.0,57.0,8.0,1016.0,0,0,0,0,0,2
2014-05-06,17.0,62.0,7.0,1018.0,0,0,0,0,1,2
2014-05-07,17.0,65.0,7.0,1016.0,0,0,1,0,2,2
2014-05-08,17.0,71.0,6.0,1018.0,1,0,0,0,3,2
2014-05-09,19.0,60.0,6.0,1016.0,0,0,0,0,4,2
2014-05-10,20.0,57.0,8.0,1014.0,0,0,0,0,5,2
2014-05-11,19.0,60.0,11.0,1008.0,0,0,1,0,6,2
2014-05-12,16.0,46.0,7.0,1011.0,0,0,0,0,0,2
2014-05-13,15.0,62.0,9.0,1012.0,0,0,1,0,1,2
2014-05-14,18.0,28.0,17.0,1017.0,0,0,0,0,2,2
2014-05-15,18.0,,12.0,1018.0,0,0,0,0,3,2
2014-05-16,18.0,34.0,7.0,1014.0,0,0,0,0,4,2
2014-05-17,18.0,35.0,7.0,1015.0,0,0,0,0,5,2
2014-05-18,19.0,46.0,8.0,1014.0,0,0,0,0,6,2
2014-05-19,18.0,55.0,7.0,1016.0,0,0,0,0,0,2
2014-05-20,19.0,60.0,8.0,1018.0,0,0,1,0,1,2
2014-05-21,21.0,55.0,5.0,1018.0,0,0,0,0,2,2
2014-05-22,20.0,68.0,7.0,1015.0,0,0,1,0,3,2
2014-05-23,21.0,63.0,9.0,1012.0,0,0,1,0,4,2
2014-05-24,20.0,49.0,9.0,1015.0,0,0,0,0,5,2
2014-05-25,21.0,39.0,7.0,1016.0,0,0,0,0,6,2
2014-05-26,19.0,57.0,7.0,1014.0,0,0,1,0,0,2
2014-05-27,19.0,64.0,11.0,1011.0,0,0,1,0,1,2
2014-05-28,19.0,59.0,10.0,1010.0,0,0,0,0,2,2
2014-05-29,19.0,61.0,6.0,1011.0,0,0,1,0,3,2
2014-05-30,21.0,57.0,7.0,1011.0,1,0,1,0,4,2
2014-05-31,18.0,67.0,13.0,1016.0,0,0,1,0,5,2
2014-06-01,19.0,54.0,8.0,1016.0,0,0,0,0,6,3
2014-06-02,20.0,54.0,8.0,1016.0,0,0,0,0,0,3
2014-06-03,19.0,62.0,7.0,1013.0,0,0,1,0,1,3
2014-06-04,19.0,70.0,8.0,1011.0,0,0,1,0,2,3
2014-06-05,20.0,68.0,6.0,1013.0,0,0,0,0,3,3
2014-06-06,23.0,53.0,6.0,1018.0,0,0,0,0,4,3
2014-06-07,24.0,58.0,5.0,1018.0,0,0,0,0,5,3
2014-06-08,26.0,55.0,5.0,1019.0,0,0,0,0,6,3
2014-06-09,28.0,53.0,7.0,1019.0,0,0,0,0,0,3
2014-06-10,28.0,51.0,6.0,,0,0,0,0,1,3
2014-06-11,28.0,49.0,6.0,1018.0,0,0,0,0,2,3
2014-06-12,28.0,49.0,6.0,1018.0,0,0,0,0,3,3
2014-06-13,27.0,52.0,11.0,1014.0,0,0,1,0,4,3
2014-06-14,23.0,69.0,13.0,1010.0,0,0,1,0,5,3
2014-06-15,20.0,77.0,8.0,1014.0,0,0,1,0,6,3
2014-06-16,21.0,57.0,10.0,1014.0,0,0,1,0,0,3
2014-06-17,19.0,76.0,7.0,1015.0,0,0,1,0,1,3
2014-06-18,20.0,63.0,7.0,1016.0,0,0,1,0,2,3
2014-06-19,22.0,58.0,7.0,1015.0,0,0,1,0,3,3
2014-06-20,24.0,52.0,11.0,1011.0,0,0,0,0,4,3
2014-06-21,23.0,64.0,8.0,1014.0,0,0,0,0,5,3
2014-06-22,24.0,65.0,7.0,1017.0,0,0,0,0,6,3
2014-06-23,25.0,62.0,7.0,1018.0,0,0,1,0,0,3
2014-06-24,23.0,78.0,7.0,1012.0,0,0,1,0,1,3
2014-06-25,20.0,89.0,8.0,1008.0,0,0,1,0,2,3
2014-06-26,20.0,84.0,7.0,1011.0,0,0,1,0,3,3
2014-06-27,22.0,76.0,7.0,1015.0,1,0,1,0,4,3
2014-06-28,22.0,77.0,7.0,1016.0,0,0,1,0,5,3
2014-06-29,20.0,85.0,10.0,1010.0,0,0,1,0,6,3
2014-06-30,21.0,58.0,8.0,1010.0,1,0,0,0,0,3
2014-07-01,22.0,60.0,11.0,1016.0,0,0,0,0,1,3
2014-07-02,,,,,0,0,0,0,2,3
2014-07-03,22.0,64.0,9.0,1023.0,0,0,0,0,3,3
2014-07-04,20.0,73.0,8.0,1020.0,0,0,1,0,4,3
2014-07-05,21.0,79.0,8.0,1013.0,0,0,0,0,5,3
2014-07-06,25.0,66.0,5.0,1014.0,0,0,1,0,6,3
2014-07-07,24.0,68.0,7.0,1014.0,0,0,1,0,0,3
2014-07-08,20.0,81.0,10.0,1008.0,0,0,1,0,1,3
2014-07-09,20.0,60.0,8.0,1006.0,0,0,1,0,2,3
2014-07-10,20.0,65.0,8.0,1006.0,0,0,0,0,3,3
2014-07-11,22.0,68.0,8.0,1007.0,0,0,0,0,4,3
2014-07-12,21.0,79.0,6.0,1010.0,0,0,1,0,5,3
2014-07-13,21.0,79.0,6.0,1012.0,0,0,0,0,6,3
2014-07-14,22.0,75.0,8.0,1013.0,0,0,1,0,0,3
2014-07-15,24.0,68.0,6.0,1017.0,0,0,0,0,1,3
2014-07-16,26.0,60.0,5.0,1018.0,0,0,0,0,2,3
2014-07-17,26.0,63.0,7.0,1018.0,0,0,0,0,3,3
2014-07-18,26.0,63.0,8.0,1017.0,0,0,0,0,4,3
2014-07-19,28.0,61.0,6.0,1016.0,0,0,0,0,5,3
2014-07-20,26.0,68.0,7.0,1013.0,0,0,1,0,6,3
2014-07-21,21.0,82.0,7.0,1009.0,0,0,1,0,0,3
2014-07-22,23.0,77.0,5.0,1009.0,0,0,1,0,1,3
2014-07-23,24.0,69.0,9.0,1011.0,0,0,1,0,2,3
2014-07-24,20.0,90.0,7.0,1012.0,0,0,1,0,3,3
2014-07-25,23.0,75.0,5.0,1013.0,1,0,1,0,4,3
2014-07-26,19.0,91.0,10.0,1012.0,0,0,1,0,5,3
2014-07-27,22.0,77.0,5.0,1012.0,0,0,0,0,6,3
2014-07-28,23.0,79.0,7.0,1010.0,0,0,1,0,0,3
2014-07-29,20.0,89.0,11.0,1007.0,0,0,1,0,1,3
2014-07-30,19.0,86.0,5.0,1006.0,0,0,1,0,2,3
2014-07-31,23.0,78.0,7.0,1009.0,1,0,0,0,3,3
2014-08-01,25.0,75.0,5.0,1010.0,1,0,0,0,4,3
2014-08-02,24.0,75.0,7.0,1010.0,0,0,1,0,5,3
2014-08-03,22.0,78.0,7.0,1012.0,0,0,1,0,6,3
2014-08-04,23.0,73.0,6.0,1014.0,0,0,1,0,0,3
2014-08-05,24.0,71.0,7.0,1014.0,0,0,0,0,1,3
2014-08-06,24.0,68.0,6.0,1014.0,0,0,0,0,2,3
2014-08-07,25.0,65.0,6.0,1013.0,0,0,0,0,3,3
2014-08-08,25.0,64.0,6.0,1031.0,0,0,1,0,4,3
2014-08-09,24.0,82.0,6.0,1014.0,0,0,1,0,5,3
2014-08-10,25.0,72.0,6.0,1015.0,0,0,1,0,6,3
2014-08-11,25.0,70.0,6.0,1012.0,0,0,0,0,0,3
2014-08-12,25.0,69.0,7.0,1011.0,0,0,0,0,1,3
2014-08-13,21.0,87.0,8.0,1007.0,0,0,1,0,2,3
2014-08-14,23.0,65.0,8.0,1008.0,0,0,0,0,3,3
2014-08-15,20.0,70.0,10.0,1012.0,0,0,0,0,4,3
2014-08-16,20.0,70.0,8.0,1016.0,0,0,1,0,5,3
2014-08-17,20.0,67.0,6.0,1017.0,0,0,0,0,6,3
2014-08-18,22.0,64.0,7.0,1013.0,0,0,0,0,0,3
2014-08-19,19.0,93.0,9.0,1012.0,0,0,1,0,1,3
2014-08-20,20.0,90.0,7.0,1013.0,0,0,1,0,2,3
2014-08-21,20.0,80.0,6.0,1013.0,1,0,0,0,3,3
2014-08-22,21.0,76.0,7.0,1014.0,0,0,0,0,4,3
2014-08-23,20.0,82.0,8.0,1013.0,0,0,1,0,5,3
2014-08-24,20.0,74.0,4.0,1014.0,1,0,0,0,6,3
2014-08-25,20.0,73.0,10.0,1017.0,0,0,1,0,0,3
2014-08-26,19.0,85.0,6.0,1012.0,0,0,1,0,1,3
2014-08-27,23.0,76.0,8.0,1010.0,0,0,0,0,2,3
2014-08-28,22.0,79.0,10.0,1016.0,0,0,0,0,3,3
2014-08-29,22.0,74.0,5.0,1017.0,0,0,0,0,4,3
2014-08-30,24.0,72.0,4.0,1016.0,0,0,0,0,5,3
2014-08-31,23.0,70.0,6.0,1012.0,0,0,1,0,6,3
2014-09-01,21.0,62.0,12.0,1008.0,1,0,0,0,0,4
2014-09-02,20.0,53.0,7.0,1011.0,0,0,0,0,1,4
2014-09-03,19.0,73.0,7.0,1014.0,0,0,1,0,2,4
2014-09-04,21.0,76.0,5.0,1014.0,0,0,0,0,3,4
2014-09-05,22.0,78.0,5.0,1014.0,0,0,1,0,4,4
2014-09-06,22.0,75.0,5.0,1012.0,1,0,0,0,5,4
2014-09-07,23.0,71.0,7.0,1013.0,0,0,0,0,6,4
2014-09-08,24.0,68.0,6.0,1016.0,0,0,0,0,0,4
2014-09-09,23.0,74.0,5.0,1015.0,0,0,1,0,1,4
2014-09-10,21.0,83.0,7.0,1012.0,1,0,1,0,2,4
2014-09-11,20.0,72.0,9.0,1010.0,0,0,1,0,3,4
2014-09-12,19.0,67.0,9.0,1011.0,0,0,1,0,4,4
2014-09-13,19.0,66.0,6.0,1014.0,0,0,0,0,5,4
2014-09-14,20.0,70.0,5.0,1015.0,0,0,0,0,6,4
2014-09-15,21.0,69.0,6.0,1015.0,0,0,0,0,0,4
2014-09-16,20.0,74.0,7.0,1016.0,0,0,0,0,1,4
2014-09-17,20.0,71.0,8.0,1016.0,0,0,0,0,2,4
2014-09-18,19.0,75.0,8.0,1017.0,0,0,0,0,3,4
2014-09-19,19.0,85.0,6.0,1019.0,0,0,1,0,4,4
2014-09-20,20.0,90.0,5.0,1017.0,0,0,1,1,5,4
2014-09-21,21.0,81.0,6.0,1014.0,1,0,0,0,6,4
2014-09-22,22.0,50.0,11.0,1010.0,0,0,0,0,0,4
2014-09-23,18.0,53.0,10.0,1016.0,0,0,0,0,1,4
2014-09-24,16.0,59.0,7.0,1017.0,0,0,0,0,2,4
2014-09-25,18.0,63.0,6.0,1016.0,0,0,0,0,3,4
2014-09-26,17.0,74.0,6.0,1022.0,0,0,0,0,4,4
2014-09-27,18.0,76.0,5.0,1025.0,1,0,0,0,5,4
2014-09-28,19.0,74.0,5.0,1028.0,1,0,0,0,6,4
2014-09-29,19.0,78.0,4.0,1028.0,1,0,0,0,0,4
2014-09-30,19.0,79.0,4.0,1026.0,1,0,1,0,1,4
2014-10-01,19.0,88.0,6.0,1024.0,0,0,1,0,2,4
2014-10-02,19.0,82.0,5.0,1024.0,1,0,1,0,3,4
2014-10-03,19.0,73.0,5.0,1023.0,1,0,0,0,4,4
2014-10-04,18.0,71.0,6.0,1019.0,0,0,0,0,5,4
2014-10-05,17.0,70.0,6.0,1017.0,0,0,0,0,6,4
2014-10-06,17.0,70.0,7.0,1016.0,0,0,1,0,0,4
2014-10-07,14.0,95.0,7.0,1017.0,1,0,1,0,1,4
2014-10-08,16.0,98.0,5.0,1019.0,0,0,1,1,2,4
2014-10-09,18.0,95.0,4.0,1018.0,0,0,1,1,3,4
2014-10-10,19.0,95.0,4.0,1018.0,0,0,1,1,4,4
2014-10-11,19.0,93.0,9.0,1016.0,0,0,1,0,5,4
2014-10-12,19.0,94.0,6.0,1016.0,0,0,1,0,6,4
2014-10-13,18.0,99.0,13.0,1012.0,0,0,1,0,0,4
2014-10-14,16.0,97.0,6.0,1012.0,1,0,1,0,1,4
2014-10-15,18.0,87.0,5.0,1010.0,1,0,0,0,2,4
2014-10-16,19.0,84.0,5.0,1012.0,0,0,1,0,3,4
2014-10-17,20.0,79.0,6.0,,0,0,0,0,4,4
2014-10-18,19.0,85.0,5.0,1023.0,1,0,0,0,5,4
2014-10-19,19.0,90.0,5.0,1025.0,1,0,0,1,6,4
2014-10-20,18.0,90.0,4.0,1021.0,1,0,0,1,0,4
2014-10-21,20.0,83.0,5.0,1011.0,0,0,0,0,1,4
2014-10-22,15.0,28.0,20.0,1011.0,0,0,0,0,2,4
2014-10-23,16.0,31.0,16.0,1011.0,0,0,0,0,3,4
2014-10-24,13.0,59.0,4.0,1014.0,0,0,0,0,4,4
2014-10-25,14.0,76.0,8.0,1020.0,0,0,0,0,5,4
2014-10-26,13.0,73.0,5.0,1025.0,0,0,0,0,6,4
2014-10-27,11.0,77.0,7.0,1027.0,1,0,0,0,0,4
2014-10-28,10.0,80.0,4.0,1023.0,1,0,0,0,1,4
2014-10-29,9.0,81.0,4.0,1020.0,1,0,0,0,2,4
2014-10-30,10.0,81.0,6.0,1024.0,1,0,0,0,3,4
2014-10-31,10.0,86.0,4.0,1026.0,1,0,0,0,4,4
2014-11-01,10.0,87.0,6.0,1025.0,1,0,0,0,5,4
2014-11-02,11.0,84.0,5.0,1021.0,1,0,0,0,6,4
2014-11-03,13.0,86.0,7.0,1017.0,0,0,1,0,0,4
2014-11-04,14.0,86.0,18.0,1006.0,0,0,1,0,1,4
2014-11-05,15.0,98.0,17.0,1000.0,0,0,1,0,2,4
2014-11-06,13.0,96.0,6.0,1008.0,1,0,1,0,3,4
2014-11-07,12.0,92.0,6.0,1010.0,1,0,1,0,4,4
2014-11-08,13.0,89.0,5.0,1012.0,0,0,1,0,5,4
2014-11-09,14.0,95.0,7.0,1013.0,0,0,1,0,6,4
2014-11-10,13.0,100.0,9.0,1014.0,0,0,1,0,0,4
2014-11-11,13.0,99.0,11.0,1013.0,0,0,1,0,1,4
2014-11-12,14.0,100.0,9.0,1005.0,0,0,1,0,2,4
2014-11-13,13.0,94.0,6.0,1009.0,1,0,1,0,3,4
2014-11-14,13.0,96.0,4.0,1014.0,1,0,1,1,4,4
2014-11-15,13.0,100.0,17.0,1005.0,0,0,1,0,5,4
2014-11-16,12.0,89.0,4.0,1004.0,1,0,0,0,6,4
2014-11-17,9.0,100.0,11.0,1006.0,1,0,1,0,0,4
2014-11-18,10.0,86.0,6.0,1006.0,1,0,1,0,1,4
2014-11-19,9.0,92.0,6.0,1017.0,1,0,0,0,2,4
2014-11-20,8.0,92.0,3.0,1024.0,1,0,0,1,3,4
2014-11-21,8.0,92.0,4.0,1024.0,1,0,0,1,4,4
2014-11-22,9.0,93.0,4.0,1025.0,1,0,0,1,5,4
2014-11-23,9.0,95.0,4.0,1027.0,1,0,0,1,6,4
2014-11-24,10.0,92.0,5.0,1024.0,1,0,0,1,0,4
2014-11-25,11.0,96.0,6.0,1021.0,0,0,1,0,1,4
2014-11-26,8.0,99.0,9.0,1018.0,0,0,1,0,2,4
2014-11-27,7.0,99.0,6.0,1015.0,0,0,1,0,3,4
2014-11-28,9.0,100.0,5.0,1015.0,0,0,1,1,4,4
2014-11-29,12.0,100.0,4.0,1015.0,0,0,1,1,5,4
2014-11-30,12.0,100.0,5.0,1012.0,0,0,1,1,6,4
2014-12-01,13.0,96.0,9.0,1002.0,0,0,1,0,0,1
2014-12-02,11.0,99.0,6.0,1005.0,0,0,1,0,1,1
2014-12-03,10.0,84.0,6.0,1011.0,0,0,1,0,2,1
2014-12-04,10.0,94.0,6.0,1015.0,0,0,1,0,3,1
2014-12-05,10.0,99.0,4.0,1015.0,0,0,1,1,4,1
2014-12-06,11.0,95.0,4.0,1014.0,0,0,1,1,5,1
2014-12-07,9.0,94.0,7.0,1016.0,1,0,1,0,6,1
2014-12-08,6.0,100.0,6.0,1015.0,1,0,0,0,0,1
2014-12-09,8.0,81.0,10.0,1018.0,0,0,1,0,1,1
2014-12-10,4.0,86.0,5.0,1022.0,1,0,0,0,2,1
2014-12-11,5.0,86.0,5.0,1018.0,1,0,0,0,3,1
2014-12-12,4.0,91.0,4.0,1020.0,1,0,0,1,4,1
2014-12-13,6.0,94.0,5.0,1021.0,0,0,1,1,5,1
2014-12-14,7.0,94.0,6.0,1023.0,0,0,1,0,6,1
2014-12-15,8.0,100.0,4.0,1021.0,1,0,1,1,0,1
2014-12-16,9.0,100.0,5.0,1013.0,0,0,1,1,1,1
2014-12-17,6.0,100.0,5.0,1012.0,1,0,0,1,2,1
2014-12-18,6.0,97.0,5.0,1019.0,1,0,0,1,3,1
2014-12-19,6.0,94.0,4.0,1023.0,1,0,0,1,4,1
2014-12-20,5.0,100.0,5.0,1023.0,1,0,0,1,5,1
2014-12-21,3.0,100.0,7.0,1028.0,1,0,0,0,6,1
2014-12-22,3.0,99.0,6.0,1030.0,1,0,0,0,0,1
2014-12-23,3.0,100.0,5.0,1028.0,1,0,0,1,1,1
2014-12-24,4.0,98.0,5.0,1027.0,1,0,0,1,2,1
2014-12-25,6.0,92.0,6.0,1022.0,1,0,0,0,3,1
2014-12-26,5.0,69.0,7.0,1022.0,1,0,0,0,4,1
2014-12-27,1.0,95.0,7.0,1011.0,1,1,1,0,5,1
2014-12-28,0.0,98.0,9.0,1004.0,0,0,0,0,6,1
2014-12-29,1.0,75.0,8.0,1023.0,1,0,0,0,0,1
2014-12-30,1.0,61.0,7.0,1028.0,0,0,0,0,1,1
2014-12-31,-1.0,83.0,7.0,1031.0,0,0,0,0,2,1
2015-01-01,0.0,86.0,6.0,1035.0,0,0,0,0,3,1
2015-01-02,3.0,83.0,6.0,1031.0,0,0,0,0,4,1
2015-01-03,3.0,91.0,4.0,1024.0,0,0,0,1,5,1
2015-01-04,9.0,57.0,14.0,1022.0,0,0,0,0,6,1
2015-01-05,6.0,49.0,6.0,1028.0,0,0,0,0,0,1
2015-01-06,3.0,75.0,7.0,1024.0,0,0,0,0,1,1
2015-01-07,5.0,86.0,5.0,1030.0,0,0,0,0,2,1
2015-01-08,6.0,81.0,7.0,1032.0,0,0,0,0,3,1
2015-01-09,4.0,87.0,5.0,1030.0,0,0,0,0,4,1
2015-01-10,10.0,74.0,10.0,1019.0,0,0,0,0,5,1
2015-01-11,7.0,65.0,15.0,1017.0,1,0,0,0,6,1
2015-01-12,8.0,50.0,7.0,1027.0,0,0,0,0,0,1
2015-01-13,5.0,77.0,4.0,1027.0,0,0,0,0,1,1
2015-01-14,6.0,85.0,6.0,1021.0,0,0,1,0,2,1
2015-01-15,4.0,97.0,5.0,1020.0,1,0,1,1,3,1
2015-01-16,6.0,98.0,6.0,1016.0,0,0,1,0,4,1
2015-01-17,8.0,93.0,7.0,1011.0,0,0,1,0,5,1
2015-01-18,5.0,92.0,5.0,1016.0,1,0,0,1,6,1
2015-01-19,3.0,94.0,5.0,1014.0,1,0,0,1,0,1
2015-01-20,5.0,91.0,5.0,1012.0,1,0,0,1,1,1
2015-01-21,4.0,99.0,7.0,1011.0,1,0,1,0,2,1
2015-01-22,4.0,98.0,8.0,1012.0,1,0,1,0,3,1
2015-01-23,5.0,93.0,8.0,1010.0,1,0,0,0,4,1
2015-01-24,4.0,88.0,6.0,1011.0,1,0,0,0,5,1
2015-01-25,5.0,62.0,7.0,1017.0,1,0,0,0,6,1
2015-01-26,5.0,63.0,6.0,1023.0,0,0,0,0,0,1
2015-01-27,2.0,89.0,4.0,1017.0,1,0,0,0,1,1
2015-01-28,2.0,76.0,7.0,1016.0,0,0,0,0,2,1
2015-01-29,2.0,81.0,6.0,1000.0,0,1,1,0,3,1
2015-01-30,3.0,79.0,11.0,980.0,0,1,1,0,4,1
2015-01-31,2.0,78.0,7.0,986.0,0,0,0,0,5,1
2015-02-01,3.0,74.0,8.0,991.0,0,0,0,0,6,1
2015-02-02,3.0,66.0,7.0,1000.0,0,0,0,0,0,1
2015-02-03,3.0,76.0,7.0,1002.0,0,1,0,0,1,1
2015-02-04,5.0,67.0,6.0,1003.0,0,0,1,0,2,1
2015-02-05,2.0,92.0,6.0,1004.0,0,1,1,0,3,1
2015-02-06,2.0,100.0,4.0,1008.0,0,1,1,1,4,1
2015-02-07,2.0,94.0,6.0,1020.0,0,1,1,0,5,1
2015-02-08,1.0,97.0,7.0,1014.0,1,0,0,0,6,1
2015-02-09,3.0,77.0,7.0,1021.0,1,0,0,0,0,1
2015-02-10,3.0,81.0,5.0,1023.0,0,0,0,0,1,1
2015-02-11,4.0,83.0,6.0,1025.0,1,0,0,0,2,1
2015-02-12,3.0,89.0,7.0,1025.0,1,0,0,0,3,1
2015-02-13,5.0,91.0,5.0,1024.0,0,0,0,1,4,1
2015-02-14,4.0,100.0,7.0,1017.0,0,0,1,0,5,1
2015-02-15,4.0,100.0,6.0,1014.0,0,0,1,0,6,1
2015-02-16,7.0,90.0,7.0,1020.0,0,0,0,0,0,1
2015-02-17,9.0,74.0,6.0,1028.0,0,0,0,0,1,1
2015-02-18,6.0,76.0,6.0,1036.0,0,0,0,0,2,1
2015-02-19,5.0,84.0,5.0,1032.0,1,0,0,0,3,1
2015-02-20,6.0,82.0,5.0,1024.0,1,0,0,0,4,1
2015-02-21,6.0,95.0,10.0,1009.0,0,0,1,0,5,1
2015-02-22,7.0,93.0,10.0,1002.0,1,0,1,0,6,1
2015-02-23,6.0,87.0,5.0,1005.0,1,0,0,0,0,1
2015-02-24,7.0,81.0,8.0,1004.0,0,0,1,0,1,1
2015-02-25,9.0,57.0,8.0,1011.0,0,0,0,0,2,1
2015-02-26,7.0,70.0,7.0,1017.0,0,0,0,0,3,1
2015-02-27,8.0,71.0,6.0,1013.0,0,0,0,0,4,1
2015-02-28,8.0,76.0,5.0,1016.0,0,0,0,0,5,1
2015-03-01,8.0,77.0,7.0,1016.0,1,0,0,0,6,2
2015-03-02,9.0,89.0,8.0,1012.0,0,0,1,0,0,2
2015-03-03,10.0,69.0,10.0,1020.0,0,0,0,0,1,2
2015-03-04,8.0,89.0,7.0,1020.0,1,0,1,0,2,2
2015-03-05,9.0,51.0,17.0,1022.0,1,0,0,0,3,2
2015-03-06,7.0,47.0,7.0,1029.0,0,0,0,0,4,2
2015-03-07,7.0,51.0,8.0,1032.0,0,0,0,0,5,2
2015-03-08,7.0,62.0,6.0,1027.0,0,0,0,0,6,2
2015-03-09,7.0,64.0,7.0,1026.0,0,0,0,0,0,2
2015-03-10,9.0,65.0,6.0,1024.0,0,0,0,0,1,2
2015-03-11,12.0,62.0,8.0,1019.0,0,0,0,0,2,2
2015-03-12,10.0,52.0,7.0,1021.0,0,0,0,0,3,2
2015-03-13,10.0,52.0,7.0,1018.0,0,0,0,0,4,2
2015-03-14,9.0,53.0,8.0,1020.0,0,0,0,0,5,2
2015-03-15,10.0,59.0,17.0,1024.0,0,0,1,0,6,2
2015-03-16,8.0,88.0,9.0,1026.0,0,0,1,0,0,2
2015-03-17,10.0,88.0,5.0,1027.0,0,0,1,0,1,2
2015-03-18,10.0,83.0,6.0,1024.0,1,0,0,0,2,2
2015-03-19,11.0,74.0,6.0,1022.0,1,0,0,0,3,2
2015-03-20,12.0,61.0,6.0,1023.0,0,0,0,0,4,2
2015-03-21,11.0,66.0,7.0,1018.0,0,0,1,0,5,2
2015-03-22,9.0,91.0,9.0,1016.0,0,0,1,0,6,2
2015-03-23,10.0,75.0,6.0,1016.0,1,0,0,0,0,2
2015-03-24,12.0,74.0,8.0,1012.0,0,0,1,0,1,2
2015-03-25,10.0,93.0,9.0,1004.0,0,0,1,0,2,2
2015-03-26,12.0,92.0,7.0,1005.0,0,0,1,0,3,2
2015-03-27,14.0,48.0,16.0,1009.0,1,0,0,0,4,2
2015-03-28,13.0,53.0,7.0,1015.0,0,0,0,0,5,2
2015-03-29,13.0,54.0,6.0,1011.0,0,0,0,0,6,2
2015-03-30,15.0,57.0,11.0,1005.0,0,0,0,0,0,2
2015-03-31,17.0,46.0,13.0,1007.0,0,0,0,0,1,2
2015-04-01,15.0,,22.0,1013.0,0,0,0,0,2,2
2015-04-02,14.0,30.0,11.0,1014.0,0,0,0,0,3,2
2015-04-03,13.0,50.0,13.0,1016.0,0,0,0,0,4,2
2015-04-04,10.0,59.0,11.0,1011.0,0,0,1,0,5,2
2015-04-05,9.0,79.0,10.0,1012.0,0,0,1,0,6,2
2015-04-06,9.0,56.0,10.0,1020.0,1,0,1,0,0,2
2015-04-07,11.0,29.0,11.0,1028.0,0,0,0,0,1,2
2015-04-08,12.0,40.0,7.0,1027.0,0,0,0,0,2,2
2015-04-09,14.0,40.0,7.0,1028.0,0,0,0,0,3,2
2015-04-10,15.0,47.0,6.0,1026.0,0,0,0,0,4,2
2015-04-11,15.0,59.0,10.0,1025.0,0,0,0,0,5,2
2015-04-12,16.0,57.0,5.0,1028.0,0,0,0,0,6,2
2015-04-13,19.0,55.0,9.0,1026.0,1,0,0,0,0,2
2015-04-14,19.0,42.0,8.0,1024.0,0,0,0,0,1,2
2015-04-15,18.0,47.0,6.0,1022.0,0,0,0,0,2,2
2015-04-16,17.0,51.0,7.0,1018.0,0,0,0,0,3,2
2015-04-17,14.0,83.0,6.0,1015.0,0,0,1,0,4,2
2015-04-18,14.0,85.0,11.0,1013.0,1,0,1,0,5,2
2015-04-19,11.0,64.0,10.0,1021.0,0,0,0,0,6,2
2015-04-20,13.0,61.0,7.0,1020.0,1,0,0,0,0,2
2015-04-21,17.0,52.0,6.0,1022.0,0,0,0,0,1,2
2015-04-22,18.0,51.0,9.0,1020.0,0,0,0,0,2,2
2015-04-23,18.0,47.0,12.0,1014.0,0,0,0,0,3,2
2015-04-24,18.0,52.0,9.0,1015.0,0,0,0,0,4,2
2015-04-25,15.0,74.0,9.0,1016.0,0,0,0,0,5,2
2015-04-26,16.0,80.0,5.0,1013.0,0,0,1,0,6,2
2015-04-27,14.0,99.0,14.0,1005.0,0,0,1,0,0,2
2015-04-28,17.0,70.0,12.0,1005.0,0,0,1,0,1,2
2015-04-29,15.0,69.0,10.0,1016.0,0,0,1,0,2,2
2015-04-30,16.0,77.0,7.0,1016.0,0,0,1,0,3,2
2015-05-01,14.0,87.0,6.0,1011.0,0,0,1,0,4,2
2015-05-02,18.0,80.0,7.0,1009.0,1,0,1,0,5,2
2015-05-03,18.0,83.0,5.0,1013.0,0,0,1,0,6,2
2015-05-04,19.0,76.0,5.0,1014.0,0,0,1,0,0,2
2015-05-05,20.0,81.0,6.0,1014.0,0,0,0,0,1,2
2015-05-06,21.0,76.0,7.0,1012.0,0,0,1,0,2,2
2015-05-07,20.0,72.0,7.0,1015.0,1,0,0,0,3,2
2015-05-08,20.0,72.0,8.0,1015.0,0,0,1,0,4,2
2015-05-09,20.0,64.0,7.0,1016.0,0,0,0,0,5,2
2015-05-10,22.0,46.0,7.0,1022.0,0,0,0,0,6,2
2015-05-11,21.0,54.0,7.0,1023.0,0,0,0,0,0,2
2015-05-12,22.0,55.0,6.0,1023.0,0,0,0,0,1,2
2015-05-13,23.0,53.0,7.0,1018.0,0,0,0,0,2,2
2015-05-14,23.0,58.0,9.0,1008.0,0,0,0,0,3,2
2015-05-15,19.0,73.0,21.0,1005.0,0,0,1,0,4,2
2015-05-16,19.0,76.0,8.0,1017.0,0,0,1,0,5,2
2015-05-17,22.0,72.0,6.0,1018.0,0,0,1,0,6,2
2015-05-18,22.0,62.0,9.0,1013.0,0,0,0,0,0,2
2015-05-19,21.0,64.0,7.0,1007.0,0,0,1,0,1,2
2015-05-20,17.0,81.0,11.0,1007.0,0,0,1,0,2,2
2015-05-21,14.0,70.0,9.0,1014.0,0,0,1,0,3,2
2015-05-22,15.0,73.0,9.0,1015.0,0,0,0,0,4,2
2015-05-23,16.0,76.0,9.0,1012.0,0,0,1,0,5,2
2015-05-24,18.0,66.0,7.0,1014.0,1,0,1,0,6,2
2015-05-25,20.0,60.0,8.0,1011.0,0,0,1,0,0,2
2015-05-26,18.0,72.0,8.0,1010.0,0,0,1,0,1,2
2015-05-27,18.0,67.0,8.0,1015.0,0,0,0,0,2,2
2015-05-28,19.0,58.0,9.0,1017.0,0,0,0,0,3,2
2015-05-29,20.0,55.0,7.0,1015.0,0,0,0,0,4,2
2015-05-30,21.0,62.0,10.0,1014.0,0,0,0,0,5,2
2015-05-31,21.0,64.0,6.0,1016.0,0,0,0,0,6,2
2015-06-01,22.0,66.0,6.0,1018.0,0,0,1,0,0,3
2015-06-02,24.0,53.0,6.0,1019.0,0,0,0,0,1,3
2015-06-03,25.0,51.0,6.0,1020.0,0,0,0,0,2,3
2015-06-04,27.0,55.0,5.0,1021.0,0,0,0,0,3,3
2015-06-05,28.0,54.0,6.0,1020.0,0,0,0,0,4,3
2015-06-06,28.0,53.0,8.0,1020.0,0,0,0,0,5,3
2015-06-07,27.0,52.0,8.0,1020.0,0,0,1,0,6,3
2015-06-08,25.0,58.0,9.0,1017.0,0,0,1,0,0,3
2015-06-09,24.0,63.0,7.0,1015.0,0,0,0,0,1,3
2015-06-10,23.0,70.0,8.0,1018.0,0,0,1,0,2,3
2015-06-11,25.0,61.0,6.0,1017.0,0,0,0,0,3,3
2015-06-12,24.0,62.0,7.0,1015.0,0,0,1,0,4,3
2015-06-13,23.0,79.0,7.0,1014.0,0,0,1,0,5,3
2015-06-14,20.0,91.0,8.0,1010.0,0,0,1,0,6,3
2015-06-15,21.0,81.0,7.0,1012.0,0,0,1,0,0,3
2015-06-16,20.0,87.0,8.0,1015.0,0,0,1,0,1,3
2015-06-17,21.0,74.0,8.0,1015.0,0,0,1,0,2,3
2015-06-18,22.0,64.0,7.0,1015.0,0,0,0,0,3,3
2015-06-19,23.0,60.0,7.0,1010.0,0,0,1,0,4,3
2015-06-20,22.0,57.0,10.0,1013.0,0,0,0,0,5,3
2015-06-21,21.0,58.0,7.0,1016.0,0,0,0,0,6,3
2015-06-22,21.0,60.0,8.0,1015.0,0,0,1,0,0,3
2015-06-23,24.0,55.0,8.0,1007.0,0,0,1,0,1,3
2015-06-24,20.0,53.0,13.0,1018.0,0,0,0,0,2,3
2015-06-25,22.0,50.0,8.0,1021.0,0,0,0,0,3,3
2015-06-26,23.0,55.0,6.0,1019.0,0,0,0,0,4,3
2015-06-27,25.0,54.0,6.0,1016.0,0,0,0,0,5,3
2015-06-28,25.0,53.0,8.0,1016.0,0,0,0,0,6,3
2015-06-29,25.0,52.0,9.0,1019.0,0,0,0,0,0,3
2015-06-30,26.0,50.0,9.0,1020.0,0,0,0,0,1,3
2015-07-01,27.0,51.0,7.0,1020.0,0,0,0,0,2,3
2015-07-02,28.0,50.0,7.0,1021.0,0,0,1,0,3,3
2015-07-03,29.0,50.0,9.0,1024.0,0,0,1,0,4,3
2015-07-04,28.0,54.0,7.0,1022.0,0,0,1,0,5,3
2015-07-05,30.0,58.0,6.0,1018.0,0,0,0,0,6,3
2015-07-06,30.0,58.0,6.0,1017.0,0,0,0,0,0,3
2015-07-07,31.0,57.0,8.0,1015.0,0,0,0,0,1,3
2015-07-08,,,,,0,0,0,0,2,3
2015-07-09,27.0,54.0,13.0,1011.0,0,0,0,0,3,3
2015-07-10,25.0,46.0,9.0,1018.0,0,0,0,0,4,3
2015-07-11,26.0,48.0,7.0,1017.0,0,0,0,0,5,3
2015-07-12,28.0,53.0,6.0,1015.0,0,0,0,0,6,3
2015-07-13,28.0,54.0,9.0,1012.0,0,0,0,0,0,3
2015-07-14,28.0,55.0,8.0,1015.0,0,0,0,0,1,3
2015-07-15,29.0,55.0,8.0,1016.0,0,0,0,0,2,3
2015-07-16,30.0,55.0,9.0,1017.0,0,0,0,0,3,3
2015-07-17,30.0,43.0,7.0,1017.0,0,0,0,0,4,3
2015-07-18,30.0,49.0,7.0,1016.0,0,0,0,0,5,3
2015-07-19,29.0,53.0,9.0,1013.0,0,0,0,0,6,3
2015-07-20,30.0,53.0,8.0,1012.0,0,0,0,0,0,3
2015-07-21,30.0,48.0,6.0,1013.0,0,0,0,0,1,3
2015-07-22,31.0,50.0,7.0,1013.0,0,0,0,0,2,3
2015-07-23,,,,,0,0,0,0,3,3
2015-07-24,,,,,0,0,0,0,4,3
2015-07-25,27.0,64.0,9.0,1008.0,0,0,1,0,5,3
2015-07-26,27.0,46.0,11.0,1010.0,0,0,0,0,6,3
2015-07-27,27.0,58.0,8.0,1005.0,0,0,0,0,0,3
2015-07-28,27.0,60.0,9.0,1006.0,0,0,0,0,1,3
2015-07-29,26.0,58.0,8.0,1006.0,0,0,0,0,2,3
2015-07-30,25.0,64.0,11.0,1009.0,0,0,0,0,3,3
2015-07-31,24.0,53.0,15.0,1013.0,0,0,1,0,4,3
2015-08-01,20.0,73.0,8.0,1015.0,0,0,1,0,5,3
2015-08-02,23.0,70.0,6.0,1016.0,0,0,0,0,6,3
2015-08-03,26.0,63.0,6.0,1017.0,0,0,0,0,0,3
2015-08-04,27.0,62.0,6.0,1014.0,0,0,0,0,1,3
2015-08-05,28.0,60.0,6.0,1015.0,0,0,0,0,2,3
2015-08-06,30.0,53.0,6.0,1015.0,0,0,0,0,3,3
2015-08-07,30.0,51.0,7.0,1015.0,0,0,0,0,4,3
2015-08-08,30.0,49.0,8.0,1016.0,0,0,0,0,5,3
2015-08-09,28.0,53.0,9.0,1015.0,0,0,1,0,6,3
2015-08-10,22.0,83.0,10.0,1014.0,0,0,1,0,0,3
2015-08-11,26.0,64.0,7.0,1014.0,0,0,0,0,1,3
2015-08-12,28.0,54.0,7.0,1016.0,0,0,0,0,2,3
2015-08-13,29.0,51.0,5.0,1014.0,0,0,0,0,3,3
2015-08-14,25.0,62.0,6.0,1010.0,0,0,1,0,4,3
2015-08-15,22.0,75.0,6.0,1008.0,0,0,1,0,5,3
2015-08-16,20.0,77.0,9.0,1009.0,0,0,1,0,6,3
2015-08-17,23.0,64.0,8.0,1008.0,0,0,1,0,0,3
2015-08-18,22.0,73.0,7.0,1011.0,0,0,1,0,1,3
2015-08-19,21.0,73.0,7.0,1014.0,0,0,0,0,2,3
2015-08-20,23.0,64.0,6.0,1018.0,0,0,0,0,3,3
2015-08-21,22.0,66.0,9.0,1021.0,0,0,1,0,4,3
2015-08-22,23.0,56.0,7.0,1018.0,0,0,0,0,5,3
2015-08-23,20.0,68.0,10.0,1014.0,0,0,1,0,6,3
2015-08-24,19.0,90.0,8.0,1012.0,0,0,1,0,0,3
2015-08-25,22.0,80.0,6.0,1014.0,1,0,0,0,1,3
2015-08-26,23.0,71.0,5.0,1018.0,0,0,0,0,2,3
2015-08-27,24.0,66.0,5.0,1017.0,0,0,0,0,3,3
2015-08-28,25.0,64.0,6.0,1019.0,0,0,0,0,4,3
2015-08-29,27.0,64.0,5.0,1021.0,0,0,0,0,5,3
2015-08-30,27.0,61.0,5.0,1020.0,0,0,0,0,6,3
2015-08-31,26.0,52.0,5.0,1017.0,0,0,0,0,0,3
2015-09-01,25.0,54.0,6.0,1013.0,0,0,1,0,1,4
2015-09-02,24.0,65.0,6.0,1011.0,0,0,1,0,2,4
2015-09-03,23.0,62.0,6.0,1011.0,0,0,1,0,3,4
2015-09-04,22.0,63.0,6.0,1012.0,0,0,0,0,4,4
2015-09-05,20.0,62.0,10.0,1011.0,0,0,1,0,5,4
2015-09-06,18.0,55.0,6.0,1017.0,0,0,0,0,6,4
2015-09-07,19.0,54.0,6.0,1019.0,0,0,0,0,0,4
2015-09-08,20.0,55.0,8.0,1020.0,0,0,0,0,1,4
2015-09-09,19.0,53.0,8.0,1017.0,0,0,0,0,2,4
2015-09-10,19.0,48.0,8.0,1017.0,0,0,0,0,3,4
2015-09-11,19.0,60.0,7.0,1019.0,0,0,1,0,4,4
2015-09-12,21.0,61.0,4.0,1021.0,0,0,0,0,5,4
2015-09-13,19.0,81.0,8.0,1016.0,0,0,1,0,6,4
2015-09-14,20.0,85.0,10.0,1008.0,0,0,1,0,0,4
2015-09-15,21.0,66.0,6.0,1011.0,0,0,0,0,1,4
2015-09-16,20.0,82.0,5.0,1010.0,0,0,1,0,2,4
2015-09-17,22.0,80.0,9.0,1008.0,1,0,0,0,3,4
2015-09-18,22.0,67.0,8.0,1013.0,0,0,0,0,4,4
2015-09-19,20.0,62.0,7.0,1016.0,0,0,0,0,5,4
2015-09-20,20.0,58.0,7.0,1015.0,0,0,0,0,6,4
2015-09-21,19.0,64.0,5.0,1015.0,0,0,0,0,0,4
2015-09-22,18.0,62.0,9.0,1010.0,0,0,0,0,1,4
2015-09-23,14.0,80.0,16.0,1006.0,0,0,1,0,2,4
2015-09-24,15.0,72.0,5.0,1013.0,1,0,0,0,3,4
2015-09-25,18.0,66.0,5.0,1014.0,1,0,0,0,4,4
2015-09-26,19.0,64.0,7.0,1017.0,0,0,0,0,5,4
2015-09-27,18.0,71.0,10.0,1022.0,0,0,0,0,6,4
2015-09-28,17.0,55.0,10.0,1026.0,0,0,0,0,0,4
2015-09-29,16.0,54.0,6.0,1027.0,0,0,0,0,1,4
2015-09-30,15.0,55.0,8.0,1027.0,0,0,0,0,2,4
2015-10-01,14.0,59.0,5.0,1027.0,0,0,1,0,3,4
2015-10-02,14.0,75.0,6.0,1024.0,0,0,1,0,4,4
2015-10-03,15.0,89.0,6.0,1021.0,0,0,1,0,5,4
2015-10-04,17.0,88.0,9.0,1018.0,0,0,1,0,6,4
2015-10-05,17.0,81.0,4.0,1016.0,1,0,0,0,0,4
2015-10-06,16.0,92.0,5.0,1012.0,0,0,1,1,1,4
2015-10-07,17.0,85.0,7.0,1010.0,1,0,0,0,2,4
2015-10-08,18.0,73.0,6.0,1015.0,0,0,0,0,3,4
2015-10-09,17.0,78.0,6.0,1017.0,1,0,0,0,4,4
2015-10-10,17.0,77.0,6.0,1011.0,1,0,1,0,5,4
2015-10-11,16.0,76.0,4.0,1007.0,0,0,0,0,6,4
2015-10-12,16.0,78.0,5.0,1013.0,0,0,1,0,0,4
2015-10-13,15.0,96.0,8.0,1013.0,0,0,1,0,1,4
2015-10-14,15.0,91.0,8.0,1007.0,0,0,1,0,2,4
2015-10-15,13.0,84.0,14.0,1007.0,0,0,1,0,3,4
2015-10-16,11.0,80.0,8.0,1013.0,1,0,1,0,4,4
2015-10-17,11.0,83.0,5.0,1018.0,1,0,1,0,5,4
2015-10-18,12.0,91.0,4.0,1018.0,0,0,1,1,6,4
2015-10-19,12.0,86.0,7.0,1014.0,1,0,0,0,0,4
2015-10-20,12.0,76.0,6.0,1016.0,1,0,0,0,1,4
2015-10-21,11.0,77.0,4.0,1017.0,1,0,0,0,2,4
2015-10-22,10.0,76.0,6.0,1015.0,1,0,0,0,3,4
2015-10-23,11.0,78.0,4.0,1021.0,1,0,0,0,4,4
2015-10-24,11.0,83.0,4.0,1023.0,1,0,0,0,5,4
2015-10-25,13.0,86.0,4.0,1022.0,1,0,0,0,6,4
2015-10-26,10.0,96.0,5.0,1022.0,1,0,0,1,0,4
2015-10-27,10.0,91.0,4.0,1021.0,1,0,0,1,1,4
2015-10-28,12.0,92.0,8.0,1017.0,0,0,1,0,2,4
2015-10-29,13.0,94.0,5.0,1016.0,0,0,1,1,3,4
2015-10-30,13.0,91.0,3.0,1024.0,1,0,0,1,4,4
2015-10-31,12.0,80.0,4.0,1029.0,1,0,0,0,5,4
2015-11-01,11.0,75.0,5.0,1033.0,1,0,0,0,6,4
2015-11-02,10.0,79.0,5.0,1032.0,1,0,0,0,0,4
2015-11-03,9.0,87.0,6.0,1029.0,1,0,0,0,1,4
2015-11-04,12.0,78.0,6.0,1023.0,1,0,1,0,2,4
2015-11-05,12.0,82.0,4.0,1021.0,1,0,0,0,3,4
2015-11-06,12.0,83.0,5.0,1024.0,1,0,0,0,4,4
2015-11-07,12.0,83.0,5.0,1028.0,1,0,0,0,5,4
2015-11-08,12.0,83.0,3.0,1029.0,1,0,0,0,6,4
2015-11-09,14.0,81.0,8.0,1026.0,1,0,0,0,0,4
2015-11-10,13.0,85.0,4.0,1025.0,1,0,0,0,1,4
2015-11-11,12.0,89.0,5.0,1024.0,1,0,0,0,2,4
2015-11-12,11.0,86.0,5.0,1026.0,1,0,0,0,3,4
2015-11-13,10.0,93.0,5.0,1027.0,1,0,0,1,4,4
2015-11-14,10.0,99.0,5.0,1026.0,1,0,1,1,5,4
2015-11-15,10.0,94.0,7.0,1021.0,1,0,0,0,6,4
2015-11-16,9.0,96.0,5.0,1020.0,1,0,0,1,0,4
2015-11-17,9.0,98.0,6.0,1020.0,1,0,0,0,1,4
2015-11-18,9.0,96.0,6.0,1022.0,1,0,0,0,2,4
2015-11-19,11.0,95.0,6.0,1023.0,1,0,0,0,3,4
2015-11-20,12.0,89.0,5.0,1012.0,0,0,0,0,4,4
2015-11-21,10.0,92.0,9.0,992.0,1,0,1,0,5,4
2015-11-22,8.0,64.0,8.0,1002.0,0,0,0,0,6,4
2015-11-23,5.0,83.0,8.0,1019.0,0,0,1,0,0,4
2015-11-24,4.0,82.0,4.0,1023.0,1,0,0,0,1,4
2015-11-25,3.0,88.0,4.0,1011.0,1,0,0,0,2,4
2015-11-26,3.0,88.0,5.0,1007.0,1,0,0,0,3,4
2015-11-27,4.0,74.0,5.0,1012.0,1,0,0,0,4,4
2015-11-28,2.0,86.0,5.0,1014.0,1,0,0,0,5,4
2015-11-29,3.0,85.0,4.0,1023.0,1,0,0,0,6,4
2015-11-30,6.0,81.0,5.0,1024.0,1,0,0,0,0,4
2015-12-01,6.0,84.0,6.0,1025.0,1,0,0,0,1,1
2015-12-02,4.0,96.0,5.0,1030.0,1,0,0,1,2,1
2015-12-03,4.0,99.0,6.0,1032.0,1,0,0,0,3,1
2015-12-04,3.0,100.0,7.0,1034.0,1,0,0,0,4,1
2015-12-05,6.0,97.0,7.0,1036.0,1,0,0,0,5,1
2015-12-06,6.0,99.0,5.0,1036.0,1,0,1,1,6,1
2015-12-07,7.0,95.0,4.0,1037.0,1,0,0,1,0,1
2015-12-08,6.0,96.0,7.0,1034.0,1,0,0,0,1,1
2015-12-09,5.0,100.0,5.0,1033.0,1,0,0,1,2,1
2015-12-10,3.0,100.0,6.0,1035.0,1,0,0,0,3,1
2015-12-11,2.0,97.0,7.0,1032.0,1,0,0,0,4,1
2015-12-12,3.0,94.0,5.0,1027.0,1,0,0,1,5,1
2015-12-13,6.0,87.0,5.0,1024.0,0,0,0,0,6,1
2015-12-14,6.0,85.0,4.0,1026.0,1,0,0,0,0,1
2015-12-15,6.0,90.0,4.0,1027.0,1,0,0,1,1,1
2015-12-16,8.0,84.0,4.0,1030.0,0,0,0,0,2,1
2015-12-17,6.0,85.0,5.0,1030.0,1,0,0,0,3,1
2015-12-18,5.0,88.0,5.0,1028.0,1,0,0,0,4,1
2015-12-19,5.0,89.0,5.0,1028.0,1,0,0,0,5,1
2015-12-20,6.0,88.0,5.0,1029.0,1,0,0,0,6,1
2015-12-21,7.0,94.0,4.0,1032.0,1,0,1,1,0,1
2015-12-22,8.0,90.0,5.0,1035.0,1,0,0,1,1,1
2015-12-23,8.0,94.0,5.0,1033.0,0,0,0,1,2,1
2015-12-24,7.0,92.0,6.0,1033.0,0,0,0,0,3,1
2015-12-25,6.0,91.0,6.0,1035.0,1,0,0,0,4,1
2015-12-26,3.0,97.0,6.0,1035.0,1,0,0,0,5,1
2015-12-27,2.0,99.0,4.0,1034.0,1,0,0,1,6,1
2015-12-28,1.0,99.0,6.0,1032.0,1,0,0,0,0,1
2015-12-29,1.0,99.0,4.0,1029.0,1,0,0,1,1,1
2015-12-30,6.0,81.0,5.0,1030.0,1,0,0,0,2,1
2015-12-31,5.0,74.0,5.0,1029.0,0,0,0,0,3,1
2016-01-01,1.0,97.0,6.0,1026.0,1,0,0,0,4,1
2016-01-02,1.0,97.0,5.0,1019.0,1,1,1,1,5,1
2016-01-03,1.0,96.0,7.0,1010.0,1,1,0,0,6,1
2016-01-04,2.0,93.0,7.0,1000.0,0,1,1,0,0,1
2016-01-05,3.0,89.0,6.0,1001.0,0,0,1,0,1,1
2016-01-06,5.0,85.0,8.0,1001.0,1,0,0,0,2,1
2016-01-07,3.0,88.0,5.0,1004.0,1,0,0,0,3,1
2016-01-08,2.0,89.0,7.0,1009.0,1,0,0,0,4,1
2016-01-09,5.0,95.0,6.0,1008.0,0,0,1,0,5,1
2016-01-10,5.0,95.0,5.0,1004.0,1,0,1,1,6,1
2016-01-11,6.0,95.0,8.0,997.0,1,0,1,0,0,1
2016-01-12,5.0,80.0,7.0,1002.0,1,0,0,0,1,1
2016-01-13,7.0,46.0,11.0,1014.0,0,0,0,0,2,1
2016-01-14,2.0,74.0,7.0,1014.0,0,0,0,0,3,1
2016-01-15,5.0,54.0,11.0,1010.0,0,0,0,0,4,1
2016-01-16,5.0,43.0,10.0,1014.0,0,0,0,0,5,1
2016-01-17,6.0,,17.0,1017.0,0,0,0,0,6,1
2016-01-18,0.0,40.0,4.0,1020.0,0,0,0,0,0,1
2016-01-19,-1.0,55.0,4.0,1017.0,0,0,0,0,1,1
2016-01-20,0.0,63.0,6.0,1018.0,0,0,0,0,2,1
2016-01-21,0.0,69.0,6.0,1023.0,0,0,0,0,3,1
2016-01-22,0.0,75.0,4.0,1032.0,0,0,0,0,4,1
2016-01-23,2.0,73.0,6.0,1033.0,0,0,0,0,5,1
2016-01-24,2.0,75.0,6.0,1034.0,0,0,0,0,6,1
2016-01-25,4.0,77.0,5.0,1032.0,1,0,0,0,0,1
2016-01-26,7.0,81.0,5.0,1030.0,1,0,0,0,1,1
2016-01-27,7.0,85.0,4.0,1029.0,1,0,0,0,2,1
2016-01-28,9.0,84.0,5.0,1028.0,0,0,1,0,3,1
2016-01-29,10.0,81.0,5.0,1030.0,1,0,1,0,4,1
2016-01-30,8.0,91.0,4.0,1027.0,1,0,1,1,5,1
2016-01-31,8.0,92.0,8.0,1016.0,1,0,0,0,6,1
2016-02-01,5.0,97.0,8.0,1022.0,1,0,0,0,0,1
2016-02-02,8.0,96.0,5.0,1026.0,1,0,0,1,1,1
2016-02-03,8.0,83.0,9.0,1016.0,0,0,1,0,2,1
2016-02-04,9.0,31.0,11.0,1023.0,0,0,0,0,3,1
2016-02-05,6.0,60.0,9.0,1025.0,0,0,0,0,4,1
2016-02-06,4.0,85.0,5.0,1029.0,0,0,1,0,5,1
2016-02-07,6.0,94.0,6.0,1014.0,0,0,1,0,6,1
2016-02-08,7.0,87.0,7.0,1015.0,0,0,1,0,0,1
2016-02-09,8.0,91.0,8.0,1008.0,0,0,1,0,1,1
2016-02-10,9.0,43.0,11.0,998.0,1,0,0,0,2,1
2016-02-11,5.0,56.0,5.0,1007.0,0,0,0,0,3,1
2016-02-12,5.0,72.0,7.0,1004.0,0,0,1,0,4,1
2016-02-13,4.0,86.0,8.0,997.0,0,0,0,0,5,1
2016-02-14,5.0,92.0,6.0,995.0,0,0,1,0,6,1
2016-02-15,7.0,81.0,6.0,1004.0,0,0,0,0,0,1
2016-02-16,7.0,91.0,5.0,1021.0,0,0,1,1,1,1
2016-02-17,6.0,89.0,7.0,1019.0,0,0,1,0,2,1
2016-02-18,6.0,83.0,9.0,1016.0,1,0,0,0,3,1
2016-02-19,7.0,70.0,7.0,1015.0,1,0,0,0,4,1
2016-02-20,8.0,61.0,6.0,1024.0,1,0,0,0,5,1
2016-02-21,10.0,60.0,7.0,1021.0,0,0,0,0,6,1
2016-02-22,9.0,83.0,5.0,1018.0,0,0,0,0,0,1
2016-02-23,10.0,82.0,6.0,1011.0,1,0,0,0,1,1
2016-02-24,8.0,76.0,10.0,1013.0,1,0,0,0,2,1
2016-02-25,7.0,70.0,6.0,1011.0,1,0,0,0,3,1
2016-02-26,5.0,85.0,9.0,1010.0,1,0,1,0,4,1
2016-02-27,5.0,88.0,8.0,1008.0,0,0,1,0,5,1
2016-02-28,7.0,94.0,9.0,1006.0,0,0,1,0,6,1
2016-02-29,10.0,85.0,8.0,1004.0,0,0,1,0,0,1
2016-03-01,9.0,81.0,5.0,1011.0,1,0,0,0,1,2
2016-03-02,10.0,75.0,9.0,1007.0,1,0,1,0,2,2
2016-03-03,9.0,47.0,14.0,,0,0,1,0,3,2
2016-03-04,7.0,60.0,6.0,1005.0,1,0,0,0,4,2
2016-03-05,5.0,89.0,12.0,999.0,0,0,1,0,5,2
2016-03-06,3.0,92.0,6.0,1001.0,1,0,0,0,6,2
2016-03-07,5.0,84.0,9.0,1002.0,1,0,0,0,0,2
2016-03-08,5.0,78.0,7.0,,1,0,0,0,1,2
2016-03-09,7.0,73.0,7.0,1010.0,0,0,1,0,2,2
2016-03-10,9.0,65.0,5.0,1011.0,0,0,0,0,3,2
2016-03-11,9.0,67.0,7.0,1016.0,0,0,0,0,4,2
2016-03-12,12.0,59.0,6.0,1018.0,0,0,0,0,5,2
2016-03-13,11.0,62.0,7.0,1020.0,0,0,1,0,6,2
2016-03-14,11.0,57.0,6.0,1023.0,0,0,1,0,0,2
2016-03-15,9.0,64.0,13.0,1017.0,1,0,1,0,1,2
2016-03-16,7.0,60.0,18.0,1021.0,0,0,1,0,2,2
2016-03-17,9.0,55.0,7.0,1026.0,0,0,0,0,3,2
2016-03-18,10.0,60.0,7.0,1018.0,0,0,0,0,4,2
2016-03-19,12.0,57.0,8.0,1015.0,0,0,0,0,5,2
2016-03-20,12.0,63.0,9.0,1016.0,0,0,0,0,6,2
2016-03-21,12.0,69.0,6.0,1013.0,1,0,0,0,0,2
2016-03-22,12.0,75.0,8.0,1006.0,1,0,0,0,1,2
2016-03-23,11.0,52.0,10.0,1000.0,0,0,0,0,2,2
2016-03-24,11.0,50.0,7.0,1008.0,0,0,0,0,3,2
2016-03-25,11.0,52.0,7.0,1015.0,0,0,0,0,4,2
2016-03-26,12.0,65.0,7.0,1017.0,0,0,0,0,5,2
2016-03-27,12.0,65.0,9.0,1015.0,1,0,1,0,6,2
2016-03-28,11.0,89.0,7.0,1013.0,1,0,1,0,0,2
2016-03-29,14.0,70.0,8.0,1014.0,1,0,0,0,1,2
2016-03-30,14.0,71.0,6.0,1018.0,0,0,0,0,2,2
2016-03-31,15.0,73.0,6.0,1017.0,1,0,1,0,3,2
2016-04-01,14.0,77.0,8.0,1016.0,0,0,0,0,4,2
2016-04-02,15.0,78.0,7.0,1019.0,0,0,0,0,5,2
2016-04-03,16.0,72.0,4.0,1018.0,1,0,0,0,6,2
2016-04-04,15.0,75.0,10.0,1014.0,0,0,1,0,0,2
2016-04-05,14.0,81.0,7.0,1012.0,0,0,0,0,1,2
2016-04-06,16.0,74.0,5.0,1011.0,1,0,0,0,2,2
2016-04-07,17.0,73.0,9.0,1007.0,0,0,1,0,3,2
2016-04-08,15.0,72.0,8.0,1002.0,0,0,1,0,4,2
2016-04-09,15.0,66.0,9.0,1002.0,0,0,1,0,5,2
2016-04-10,15.0,54.0,7.0,1008.0,0,0,0,0,6,2
2016-04-11,17.0,51.0,10.0,1012.0,0,0,0,0,0,2
2016-04-12,17.0,52.0,7.0,1013.0,0,0,0,0,1,2
2016-04-13,16.0,63.0,7.0,1009.0,0,0,1,0,2,2
2016-04-14,17.0,58.0,10.0,1008.0,1,0,1,0,3,2
2016-04-15,16.0,57.0,9.0,1012.0,0,0,0,0,4,2
2016-04-16,17.0,53.0,7.0,1011.0,0,0,0,0,5,2
2016-04-17,17.0,65.0,9.0,1010.0,0,0,0,0,6,2
2016-04-18,17.0,57.0,9.0,1011.0,0,0,1,0,0,2
2016-04-19,15.0,53.0,10.0,1017.0,0,0,0,0,1,2
2016-04-20,17.0,54.0,10.0,1023.0,0,0,0,0,2,2
2016-04-21,17.0,44.0,7.0,1024.0,0,0,0,0,3,2
2016-04-22,18.0,52.0,9.0,1015.0,0,0,0,0,4,2
2016-04-23,16.0,67.0,7.0,1006.0,0,0,1,0,5,2
2016-04-24,14.0,63.0,12.0,1001.0,0,0,0,0,6,2
2016-04-25,12.0,43.0,10.0,1008.0,0,0,0,0,0,2
2016-04-26,12.0,56.0,11.0,1006.0,0,0,1,0,1,2
2016-04-27,13.0,47.0,11.0,1005.0,0,0,0,0,2,2
2016-04-28,12.0,53.0,13.0,1013.0,0,0,1,0,3,2
2016-04-29,14.0,54.0,10.0,1017.0,0,0,0,0,4,2
2016-04-30,16.0,48.0,13.0,1016.0,0,0,1,0,5,2
2016-05-01,11.0,86.0,7.0,1013.0,0,0,1,0,6,2
2016-05-02,14.0,75.0,6.0,1013.0,0,0,0,0,0,2
2016-05-03,18.0,52.0,10.0,1013.0,1,0,0,0,1,2
2016-05-04,19.0,,8.0,1017.0,0,0,0,0,2,2
2016-05-05,17.0,46.0,8.0,1020.0,0,0,0,0,3,2
2016-05-06,18.0,49.0,7.0,1018.0,0,0,0,0,4,2
2016-05-07,18.0,49.0,6.0,1014.0,0,0,0,0,5,2
2016-05-08,19.0,50.0,10.0,1014.0,0,0,0,0,6,2
2016-05-09,16.0,75.0,6.0,1018.0,0,0,1,0,0,2
2016-05-10,16.0,82.0,5.0,1015.0,0,0,1,0,1,2
2016-05-11,15.0,89.0,13.0,1007.0,0,0,1,0,2,2
2016-05-12,15.0,85.0,8.0,1000.0,0,0,1,0,3,2
2016-05-13,16.0,79.0,4.0,998.0,0,0,1,0,4,2
2016-05-14,17.0,74.0,8.0,1003.0,1,0,0,0,5,2
2016-05-15,18.0,60.0,11.0,1010.0,0,0,0,0,6,2
2016-05-16,15.0,62.0,11.0,1017.0,0,0,0,0,0,2
2016-05-17,16.0,54.0,7.0,1016.0,0,0,0,0,1,2
2016-05-18,17.0,51.0,8.0,1015.0,0,0,0,0,2,2
2016-05-19,13.0,82.0,11.0,1009.0,0,0,1,0,3,2
2016-05-20,17.0,63.0,6.0,1016.0,1,0,0,0,4,2
2016-05-21,20.0,52.0,6.0,1018.0,0,0,0,0,5,2
2016-05-22,21.0,48.0,8.0,1016.0,0,0,0,0,6,2
2016-05-23,17.0,67.0,12.0,1009.0,0,0,1,0,0,2
2016-05-24,19.0,52.0,10.0,1008.0,0,0,0,0,1,2
2016-05-25,19.0,53.0,10.0,1013.0,0,0,0,0,2,2
2016-05-26,21.0,49.0,6.0,1015.0,0,0,0,0,3,2
2016-05-27,22.0,53.0,5.0,1016.0,0,0,0,0,4,2
2016-05-28,24.0,55.0,9.0,1013.0,0,0,0,0,5,2
2016-05-29,18.0,84.0,10.0,1008.0,0,0,1,0,6,2
2016-05-30,17.0,90.0,7.0,1009.0,0,0,1,0,0,2
2016-05-31,17.0,79.0,7.0,1012.0,0,0,1,0,1,2
2016-06-01,18.0,76.0,6.0,1013.0,0,0,1,0,2,3
2016-06-02,18.0,78.0,6.0,1011.0,0,0,1,0,3,3
2016-06-03,19.0,78.0,5.0,1011.0,1,0,1,0,4,3
2016-06-04,19.0,80.0,7.0,1012.0,0,0,1,0,5,3
2016-06-05,20.0,77.0,7.0,1014.0,0,0,1,0,6,3
2016-06-06,21.0,70.0,6.0,1018.0,0,0,1,0,0,3
2016-06-07,23.0,64.0,7.0,1019.0,0,0,0,0,1,3
2016-06-08,22.0,68.0,8.0,1016.0,0,0,1,0,2,3
2016-06-09,19.0,84.0,7.0,1012.0,0,0,1,0,3,3
2016-06-10,21.0,72.0,6.0,1012.0,1,0,0,0,4,3
2016-06-11,20.0,73.0,8.0,1010.0,0,0,1,0,5,3
2016-06-12,20.0,68.0,6.0,1009.0,0,0,0,0,6,3
2016-06-13,21.0,62.0,7.0,1004.0,0,0,0,0,0,3
2016-06-14,20.0,70.0,10.0,1001.0,0,0,1,0,1,3
2016-06-15,19.0,77.0,7.0,1002.0,0,0,1,0,2,3
2016-06-16,20.0,73.0,16.0,1003.0,0,0,1,0,3,3
2016-06-17,21.0,57.0,10.0,1009.0,0,0,0,0,4,3
2016-06-18,20.0,60.0,7.0,1017.0,0,0,0,0,5,3
2016-06-19,19.0,74.0,6.0,1016.0,0,0,1,0,6,3
2016-06-20,21.0,61.0,6.0,1017.0,1,0,0,0,0,3
2016-06-21,24.0,51.0,6.0,1021.0,0,0,0,0,1,3
2016-06-22,25.0,54.0,5.0,1022.0,0,0,0,0,2,3
2016-06-23,27.0,58.0,6.0,1021.0,0,0,0,0,3,3
2016-06-24,28.0,57.0,6.0,1016.0,0,0,0,0,4,3
2016-06-25,27.0,57.0,8.0,1011.0,0,0,0,0,5,3
2016-06-26,25.0,60.0,9.0,1011.0,0,0,1,0,6,3
2016-06-27,25.0,52.0,6.0,1013.0,0,0,0,0,0,3
2016-06-28,25.0,54.0,8.0,1016.0,0,0,0,0,1,3
2016-06-29,26.0,49.0,8.0,1015.0,0,0,0,0,2,3
2016-06-30,26.0,54.0,8.0,1014.0,0,0,0,0,3,3
2016-07-01,26.0,54.0,6.0,1016.0,0,0,0,0,4,3
2016-07-02,25.0,64.0,7.0,1014.0,0,0,1,0,5,3
2016-07-03,25.0,67.0,6.0,1014.0,1,0,0,0,6,3
2016-07-04,24.0,54.0,11.0,1019.0,0,0,0,0,0,3
2016-07-05,26.0,57.0,6.0,1015.0,0,0,0,0,1,3
2016-07-06,26.0,54.0,8.0,1014.0,0,0,0,0,2,3
2016-07-07,26.0,57.0,9.0,1016.0,0,0,0,0,3,3
2016-07-08,27.0,58.0,9.0,1017.0,0,0,0,0,4,3
2016-07-09,28.0,56.0,7.0,,0,0,0,0,5,3
2016-07-10,29.0,55.0,8.0,1015.0,0,0,0,0,6,3
2016-07-11,29.0,53.0,7.0,1013.0,0,0,0,0,0,3
2016-07-12,24.0,74.0,6.0,1011.0,0,0,1,0,1,3
2016-07-13,23.0,71.0,15.0,1007.0,0,0,1,0,2,3
2016-07-14,23.0,33.0,14.0,1010.0,0,0,1,0,3,3
2016-07-15,22.0,42.0,11.0,1016.0,0,0,0,0,4,3
2016-07-16,22.0,42.0,7.0,1018.0,0,0,0,0,5,3
2016-07-17,23.0,50.0,8.0,1019.0,0,0,0,0,6,3
2016-07-18,26.0,49.0,7.0,1019.0,0,0,0,0,0,3
2016-07-19,27.0,50.0,7.0,1018.0,0,0,0,0,1,3
2016-07-20,28.0,53.0,6.0,1016.0,0,0,0,0,2,3
2016-07-21,27.0,55.0,7.0,1015.0,0,0,1,0,3,3
2016-07-22,26.0,52.0,7.0,1014.0,0,0,1,0,4,3
2016-07-23,25.0,61.0,8.0,1016.0,0,0,0,0,5,3
2016-07-24,25.0,60.0,6.0,1016.0,0,0,1,0,6,3
2016-07-25,27.0,57.0,6.0,1014.0,0,0,0,0,0,3
2016-07-26,27.0,59.0,8.0,1015.0,0,0,1,0,1,3
2016-07-27,26.0,64.0,9.0,1014.0,0,0,1,0,2,3
2016-07-28,24.0,70.0,7.0,1015.0,0,0,1,0,3,3
2016-07-29,26.0,60.0,6.0,1014.0,0,0,0,0,4,3
2016-07-30,28.0,52.0,5.0,1014.0,0,0,0,0,5,3
2016-07-31,24.0,73.0,8.0,1013.0,0,0,1,0,6,3
2016-08-01,23.0,72.0,9.0,1014.0,0,0,1,0,0,3
2016-08-02,25.0,56.0,7.0,1017.0,0,0,0,0,1,3
2016-08-03,26.0,61.0,6.0,1015.0,0,0,0,0,2,3
2016-08-04,27.0,58.0,8.0,1013.0,0,0,0,0,3,3
2016-08-05,23.0,60.0,13.0,1011.0,0,0,1,0,4,3
2016-08-06,23.0,51.0,6.0,1018.0,0,0,0,0,5,3
2016-08-07,24.0,52.0,6.0,1023.0,0,0,0,0,6,3
2016-08-08,24.0,56.0,6.0,1020.0,0,0,0,0,0,3
2016-08-09,25.0,58.0,6.0,1014.0,0,0,0,0,1,3
2016-08-10,22.0,70.0,9.0,1012.0,0,0,1,0,2,3
2016-08-11,20.0,60.0,8.0,1019.0,0,0,1,0,3,3
2016-08-12,21.0,55.0,8.0,1024.0,0,0,0,0,4,3
2016-08-13,22.0,60.0,6.0,1024.0,0,0,0,0,5,3
2016-08-14,24.0,63.0,4.0,1022.0,0,0,0,0,6,3
2016-08-15,26.0,57.0,5.0,1018.0,0,0,0,0,0,3
2016-08-16,26.0,54.0,6.0,1015.0,0,0,1,0,1,3
2016-08-17,25.0,60.0,9.0,1010.0,0,0,0,0,2,3
2016-08-18,24.0,66.0,7.0,1010.0,0,0,1,0,3,3
2016-08-19,24.0,70.0,7.0,1011.0,0,0,0,0,4,3
2016-08-20,23.0,79.0,7.0,1015.0,0,0,1,0,5,3
2016-08-21,24.0,67.0,7.0,1014.0,0,0,0,0,6,3
2016-08-22,23.0,49.0,9.0,1022.0,0,0,0,0,0,3
2016-08-23,23.0,53.0,8.0,1024.0,0,0,0,0,1,3
2016-08-24,24.0,54.0,7.0,1022.0,0,0,0,0,2,3
2016-08-25,25.0,56.0,7.0,1020.0,0,0,0,0,3,3
2016-08-26,25.0,54.0,7.0,1020.0,0,0,0,0,4,3
2016-08-27,25.0,55.0,6.0,1020.0,0,0,0,0,5,3
2016-08-28,26.0,54.0,6.0,1018.0,0,0,0,0,6,3
2016-08-29,27.0,53.0,7.0,1015.0,0,0,0,0,0,3
2016-08-30,23.0,71.0,7.0,1019.0,0,0,1,0,1,3
2016-08-31,24.0,64.0,5.0,1020.0,0,0,0,0,2,3
2016-09-01,25.0,61.0,4.0,1019.0,0,0,0,0,3,4
2016-09-02,26.0,59.0,5.0,1018.0,0,0,0,0,4,4
2016-09-03,26.0,58.0,5.0,1018.0,0,0,0,0,5,4
2016-09-04,26.0,59.0,6.0,1015.0,0,0,0,0,6,4
2016-09-05,26.0,54.0,9.0,1012.0,0,0,0,0,0,4
2016-09-06,24.0,56.0,11.0,1017.0,0,0,0,0,1,4
2016-09-07,23.0,53.0,8.0,1019.0,0,0,0,0,2,4
2016-09-08,25.0,50.0,5.0,1015.0,0,0,0,0,3,4
2016-09-09,25.0,55.0,5.0,1015.0,0,0,0,0,4,4
2016-09-10,25.0,56.0,5.0,1015.0,0,0,0,0,5,4
2016-09-11,26.0,52.0,6.0,1016.0,0,0,1,0,6,4
2016-09-12,25.0,56.0,4.0,1018.0,0,0,0,0,0,4
2016-09-13,25.0,54.0,5.0,1016.0,0,0,0,0,1,4
2016-09-14,25.0,53.0,5.0,1014.0,0,0,1,0,2,4
2016-09-15,22.0,74.0,10.0,1014.0,0,0,1,0,3,4
2016-09-16,20.0,78.0,9.0,1014.0,0,0,1,0,4,4
2016-09-17,20.0,72.0,7.0,1011.0,0,0,1,0,5,4
2016-09-18,19.0,70.0,6.0,1010.0,0,0,0,0,6,4
2016-09-19,21.0,59.0,5.0,1009.0,0,0,0,0,0,4
2016-09-20,20.0,53.0,6.0,1011.0,0,0,0,0,1,4
2016-09-21,19.0,71.0,11.0,1015.0,0,0,1,0,2,4
2016-09-22,19.0,64.0,7.0,1020.0,0,0,0,0,3,4
2016-09-23,18.0,67.0,4.0,1024.0,1,0,0,0,4,4
2016-09-24,19.0,57.0,6.0,1025.0,0,0,0,0,5,4
2016-09-25,18.0,63.0,5.0,1021.0,1,0,0,0,6,4
2016-09-26,19.0,64.0,6.0,1020.0,1,0,0,0,0,4
2016-09-27,19.0,62.0,6.0,1023.0,1,0,0,0,1,4
2016-09-28,19.0,64.0,4.0,1028.0,1,0,0,0,2,4
2016-09-29,20.0,64.0,7.0,1025.0,1,0,0,0,3,4
2016-09-30,20.0,61.0,8.0,1020.0,0,0,0,0,4,4
2016-10-01,19.0,66.0,7.0,1016.0,0,0,1,0,5,4
2016-10-02,19.0,75.0,6.0,1013.0,0,0,0,0,6,4
2016-10-03,19.0,59.0,7.0,1018.0,1,0,0,0,0,4
2016-10-04,17.0,57.0,7.0,1021.0,0,0,0,0,1,4
2016-10-05,15.0,65.0,14.0,1018.0,0,0,1,0,2,4
2016-10-06,14.0,58.0,8.0,1016.0,0,0,0,0,3,4
2016-10-07,14.0,63.0,5.0,1014.0,0,0,0,0,4,4
2016-10-08,14.0,66.0,6.0,1016.0,0,0,0,0,5,4
2016-10-09,14.0,65.0,11.0,1019.0,1,0,0,0,6,4
2016-10-10,12.0,72.0,9.0,1018.0,0,0,1,0,0,4
2016-10-11,12.0,68.0,8.0,1013.0,0,0,1,0,1,4
2016-10-12,10.0,71.0,4.0,1014.0,1,0,0,0,2,4
2016-10-13,10.0,78.0,7.0,1018.0,0,0,1,0,3,4
2016-10-14,10.0,96.0,7.0,1014.0,0,0,1,0,4,4
2016-10-15,12.0,97.0,5.0,1015.0,0,0,1,1,5,4
2016-10-16,15.0,86.0,5.0,1022.0,1,0,0,0,6,4
2016-10-17,14.0,92.0,3.0,1024.0,1,0,1,1,0,4
2016-10-18,14.0,90.0,4.0,1021.0,1,0,0,1,1,4
2016-10-19,13.0,95.0,4.0,1017.0,1,0,1,1,2,4
2016-10-20,13.0,89.0,9.0,1012.0,1,0,0,0,3,4
2016-10-21,12.0,77.0,6.0,1013.0,1,0,0,0,4,4
2016-10-22,11.0,82.0,6.0,1016.0,1,0,0,0,5,4
2016-10-23,11.0,89.0,4.0,1018.0,0,0,1,0,6,4
2016-10-24,12.0,97.0,4.0,1023.0,0,0,1,1,0,4
2016-10-25,13.0,99.0,4.0,1023.0,1,0,1,1,1,4
2016-10-26,15.0,95.0,5.0,1022.0,0,0,1,1,2,4
2016-10-27,16.0,80.0,6.0,1027.0,1,0,1,0,3,4
2016-10-28,14.0,76.0,5.0,1031.0,0,0,0,0,4,4
2016-10-29,11.0,87.0,5.0,1027.0,1,0,0,0,5,4
2016-10-30,10.0,98.0,5.0,1025.0,1,0,0,1,6,4
2016-10-31,11.0,94.0,4.0,1027.0,1,0,0,1,0,4
2016-11-01,11.0,90.0,8.0,1024.0,1,0,0,0,1,4
2016-11-02,13.0,84.0,6.0,1016.0,1,0,0,0,2,4
2016-11-03,11.0,88.0,7.0,1016.0,1,0,0,0,3,4
2016-11-04,12.0,67.0,5.0,1020.0,0,0,0,0,4,4
2016-11-05,10.0,97.0,5.0,1010.0,0,0,1,1,5,4
2016-11-06,10.0,97.0,9.0,997.0,0,0,1,0,6,4
2016-11-07,8.0,74.0,6.0,1003.0,0,0,0,0,0,4
2016-11-08,7.0,78.0,6.0,1006.0,0,0,0,0,1,4
2016-11-09,5.0,88.0,5.0,1009.0,1,0,1,0,2,4
2016-11-10,6.0,82.0,6.0,1011.0,1,0,0,0,3,4
2016-11-11,8.0,71.0,9.0,1011.0,0,0,1,0,4,4
2016-11-12,5.0,79.0,5.0,1016.0,1,0,0,0,5,4
2016-11-13,7.0,72.0,8.0,1021.0,0,0,1,0,6,4
2016-11-14,7.0,76.0,7.0,1028.0,0,0,1,0,0,4
2016-11-15,5.0,78.0,6.0,1031.0,0,0,0,0,1,4
2016-11-16,5.0,86.0,4.0,1025.0,1,0,0,0,2,4
2016-11-17,6.0,90.0,4.0,1021.0,0,0,0,1,3,4
2016-11-18,8.0,95.0,5.0,1018.0,1,0,1,1,4,4
2016-11-19,8.0,98.0,5.0,1012.0,1,0,1,1,5,4
2016-11-20,8.0,99.0,6.0,1017.0,1,0,1,0,6,4
2016-11-21,9.0,100.0,5.0,1017.0,1,0,1,1,0,4
2016-11-22,11.0,100.0,3.0,1018.0,0,0,1,1,1,4
2016-11-23,13.0,98.0,8.0,1021.0,1,0,1,0,2,4
2016-11-24,13.0,95.0,11.0,1018.0,0,0,1,0,3,4
2016-11-25,13.0,96.0,10.0,1015.0,0,0,1,0,4,4
2016-11-26,12.0,93.0,7.0,1016.0,1,0,1,0,5,4
2016-11-27,8.0,98.0,7.0,1013.0,1,0,0,0,6,4
2016-11-28,9.0,90.0,11.0,1015.0,1,0,0,0,0,4
2016-11-29,5.0,51.0,8.0,1030.0,0,0,0,0,1,4
2016-11-30,3.0,75.0,7.0,1031.0,0,0,0,0,2,4
2016-12-01,5.0,72.0,6.0,1022.0,0,0,0,0,3,1
2016-12-02,10.0,69.0,12.0,1014.0,0,0,0,0,4,1
2016-12-03,7.0,80.0,5.0,1021.0,0,0,0,0,5,1
2016-12-04,8.0,82.0,5.0,1026.0,0,0,1,0,6,1
2016-12-05,6.0,99.0,5.0,1028.0,1,0,0,1,0,1
2016-12-06,6.0,94.0,4.0,1029.0,1,0,0,1,1,1
2016-12-07,2.0,98.0,3.0,1035.0,1,0,0,1,2,1
2016-12-08,1.0,97.0,5.0,1036.0,1,0,0,1,3,1
2016-12-09,0.0,100.0,4.0,1032.0,1,0,1,1,4,1
2016-12-10,1.0,100.0,5.0,1028.0,1,0,0,1,5,1
2016-12-11,3.0,98.0,6.0,1021.0,1,0,0,0,6,1
2016-12-12,3.0,98.0,4.0,1021.0,1,0,0,1,0,1
2016-12-13,3.0,98.0,4.0,1028.0,1,0,0,1,1,1
2016-12-14,2.0,100.0,6.0,1027.0,1,0,0,0,2,1
2016-12-15,2.0,98.0,3.0,1028.0,1,0,0,1,3,1
2016-12-16,3.0,97.0,4.0,1032.0,1,0,0,1,4,1
2016-12-17,0.0,100.0,6.0,1038.0,1,0,0,0,5,1
2016-12-18,-1.0,100.0,6.0,1033.0,1,0,0,0,6,1
2016-12-19,1.0,97.0,5.0,1030.0,1,0,1,1,0,1
2016-12-20,6.0,93.0,6.0,1027.0,0,0,1,0,1,1
2016-12-21,7.0,96.0,7.0,1029.0,1,0,1,0,2,1
2016-12-22,4.0,100.0,4.0,1030.0,1,0,0,1,3,1
2016-12-23,3.0,100.0,4.0,1032.0,1,0,0,1,4,1
2016-12-24,3.0,93.0,5.0,1028.0,1,0,0,1,5,1
2016-12-25,3.0,92.0,4.0,1025.0,1,0,0,1,6,1
2016-12-26,6.0,88.0,5.0,1027.0,1,0,0,0,0,1
2016-12-27,11.0,46.0,11.0,1030.0,1,0,0,0,1,1
2016-12-28,5.0,62.0,7.0,1033.0,0,0,0,0,2,1
2016-12-29,5.0,71.0,10.0,1037.0,0,0,0,0,3,1
2016-12-30,2.0,88.0,4.0,1038.0,1,0,0,0,4,1
2016-12-31,1.0,91.0,4.0,1032.0,1,0,0,1,5,1
2017-01-01,-1.0,94.0,4.0,1025.0,1,0,0,1,6,1
2017-01-02,2.0,85.0,4.0,1019.0,1,0,0,0,0,1
2017-01-03,3.0,86.0,6.0,1021.0,1,0,0,0,1,1
2017-01-04,4.0,73.0,9.0,1013.0,1,0,0,0,2,1
2017-01-05,7.0,,23.0,1017.0,0,0,0,0,3,1
2017-01-06,1.0,31.0,9.0,1027.0,0,0,0,0,4,1
2017-01-07,-2.0,52.0,5.0,1029.0,0,0,0,0,5,1
2017-01-08,-2.0,61.0,5.0,1025.0,0,0,0,0,6,1
2017-01-09,-1.0,69.0,5.0,1022.0,0,0,0,0,0,1
2017-01-10,0.0,72.0,7.0,1015.0,0,1,0,0,1,1
2017-01-11,0.0,60.0,8.0,1019.0,0,0,0,0,2,1
2017-01-12,0.0,76.0,10.0,1017.0,0,0,1,0,3,1
2017-01-13,2.0,72.0,12.0,1003.0,0,0,1,0,4,1
2017-01-14,4.0,45.0,10.0,1009.0,0,0,0,0,5,1
2017-01-15,3.0,50.0,6.0,1016.0,0,0,0,0,6,1
2017-01-16,0.0,46.0,5.0,1016.0,0,0,0,0,0,1
2017-01-17,2.0,44.0,4.0,1019.0,0,0,0,0,1,1
2017-01-18,1.0,54.0,4.0,1025.0,0,0,0,0,2,1
2017-01-19,2.0,61.0,4.0,1030.0,0,0,0,0,3,1
2017-01-20,1.0,68.0,3.0,1032.0,0,0,0,0,4,1
2017-01-21,1.0,71.0,3.0,1031.0,0,0,0,0,5,1
2017-01-22,2.0,67.0,5.0,1028.0,0,0,0,0,6,1
2017-01-23,3.0,61.0,5.0,1023.0,0,0,0,0,0,1
2017-01-24,3.0,68.0,5.0,1018.0,0,0,0,0,1,1
2017-01-25,3.0,57.0,6.0,1023.0,0,0,0,0,2,1
2017-01-26,,,,,0,0,0,0,3,1
2017-01-27,2.0,67.0,4.0,1029.0,0,0,0,0,4,1
2017-01-28,2.0,75.0,4.0,1026.0,0,0,0,0,5,1
2017-01-29,1.0,88.0,2.0,1025.0,1,0,0,0,6,1
2017-01-30,3.0,82.0,3.0,1023.0,0,0,0,0,0,1
2017-01-31,4.0,97.0,3.0,1021.0,1,0,1,1,1,1
2017-02-01,5.0,99.0,3.0,1020.0,1,0,1,1,2,1
2017-02-02,5.0,100.0,4.0,1021.0,1,0,1,1,3,1
2017-02-03,6.0,99.0,6.0,1013.0,1,0,1,0,4,1
2017-02-04,6.0,99.0,7.0,1009.0,0,0,1,0,5,1
2017-02-05,4.0,99.0,7.0,1005.0,1,0,1,0,6,1
2017-02-06,6.0,97.0,7.0,1004.0,0,0,1,0,0,1
2017-02-07,8.0,87.0,7.0,1014.0,1,0,0,0,1,1
2017-02-08,6.0,85.0,9.0,1017.0,1,0,0,0,2,1
2017-02-09,6.0,64.0,7.0,1022.0,0,0,0,0,3,1
2017-02-10,4.0,82.0,8.0,1022.0,0,0,1,0,4,1
2017-02-11,5.0,91.0,2.0,1024.0,0,0,1,1,5,1
2017-02-12,6.0,94.0,5.0,1027.0,0,0,1,1,6,1
2017-02-13,6.0,94.0,7.0,1029.0,1,0,0,0,0,1
2017-02-14,8.0,69.0,7.0,1033.0,0,0,0,0,1,1
2017-02-15,6.0,85.0,5.0,1035.0,1,0,0,0,2,1
2017-02-16,8.0,76.0,3.0,1030.0,1,0,0,0,3,1
2017-02-17,9.0,82.0,6.0,1023.0,1,0,0,0,4,1
2017-02-18,6.0,93.0,7.0,1024.0,1,0,0,0,5,1
2017-02-19,6.0,90.0,5.0,1024.0,1,0,0,1,6,1
2017-02-20,5.0,96.0,5.0,1023.0,1,0,0,1,0,1
2017-02-21,8.0,84.0,7.0,1019.0,1,0,0,0,1,1
2017-02-22,6.0,97.0,7.0,1018.0,1,0,0,0,2,1
2017-02-23,6.0,99.0,4.0,1015.0,1,0,1,1,3,1
2017-02-24,9.0,97.0,6.0,1008.0,1,0,1,0,4,1
2017-02-25,8.0,70.0,9.0,1021.0,1,0,0,0,5,1
2017-02-26,7.0,66.0,4.0,1020.0,0,0,0,0,6,1
2017-02-27,8.0,68.0,8.0,1016.0,0,0,1,0,0,1
2017-02-28,8.0,93.0,10.0,1004.0,0,0,1,0,1,1
2017-03-01,11.0,48.0,11.0,1009.0,0,0,0,0,2,2
2017-03-02,10.0,68.0,6.0,1015.0,0,0,0,0,3,2
2017-03-03,8.0,87.0,6.0,1018.0,0,0,1,0,4,2
2017-03-04,9.0,93.0,16.0,1006.0,0,0,1,0,5,2
2017-03-05,10.0,70.0,6.0,1007.0,0,0,0,0,6,2
2017-03-06,9.0,77.0,7.0,1004.0,0,0,1,0,0,2
2017-03-07,12.0,31.0,19.0,1008.0,0,0,0,0,1,2
2017-03-08,10.0,34.0,6.0,1020.0,0,0,0,0,2,2
2017-03-09,11.0,48.0,6.0,1018.0,0,0,0,0,3,2
2017-03-10,15.0,32.0,15.0,1016.0,0,0,0,0,4,2
2017-03-11,12.0,34.0,9.0,1019.0,0,0,0,0,5,2
2017-03-12,11.0,43.0,8.0,1015.0,0,0,0,0,6,2
2017-03-13,10.0,55.0,6.0,1022.0,0,0,0,0,0,2
2017-03-14,12.0,56.0,4.0,1027.0,0,0,0,0,1,2
2017-03-15,13.0,54.0,6.0,1027.0,0,0,0,0,2,2
2017-03-16,12.0,61.0,3.0,1023.0,1,0,0,0,3,2
2017-03-17,14.0,63.0,8.0,1017.0,0,0,0,0,4,2
2017-03-18,15.0,62.0,13.0,1010.0,0,0,0,0,5,2
2017-03-19,15.0,67.0,11.0,1010.0,0,0,0,0,6,2
2017-03-20,14.0,72.0,5.0,1013.0,0,0,0,0,0,2
2017-03-21,14.0,77.0,7.0,1011.0,0,0,0,0,1,2
2017-03-22,13.0,87.0,13.0,1011.0,0,0,1,0,2,2
2017-03-23,13.0,93.0,12.0,1016.0,0,0,1,0,3,2
2017-03-24,13.0,86.0,5.0,1023.0,0,0,1,0,4,2
2017-03-25,14.0,84.0,9.0,1020.0,1,0,1,0,5,2
2017-03-26,12.0,81.0,9.0,1018.0,0,0,1,0,6,2
2017-03-27,11.0,59.0,8.0,1025.0,0,0,0,0,0,2
2017-03-28,12.0,62.0,4.0,1024.0,1,0,0,0,1,2
2017-03-29,15.0,57.0,4.0,1023.0,0,0,0,0,2,2
2017-03-30,16.0,57.0,3.0,1024.0,0,0,0,0,3,2
2017-03-31,17.0,56.0,4.0,1022.0,0,0,0,0,4,2
2017-04-01,16.0,52.0,8.0,1015.0,0,0,1,0,5,2
2017-04-02,14.0,73.0,7.0,1015.0,0,0,1,0,6,2
2017-04-03,17.0,58.0,7.0,1018.0,1,0,0,0,0,2
2017-04-04,16.0,53.0,5.0,1015.0,0,0,0,0,1,2
2017-04-05,14.0,76.0,9.0,1018.0,0,0,1,0,2,2
2017-04-06,15.0,58.0,9.0,1015.0,0,0,0,0,3,2
2017-04-07,14.0,65.0,7.0,1018.0,0,0,0,0,4,2
2017-04-08,15.0,64.0,5.0,1021.0,1,0,0,0,5,2
2017-04-09,16.0,63.0,6.0,1023.0,1,0,0,0,6,2
2017-04-10,19.0,55.0,5.0,1020.0,0,0,0,0,0,2
2017-04-11,18.0,56.0,6.0,1016.0,0,0,0,0,1,2
2017-04-12,18.0,58.0,9.0,1018.0,0,0,0,0,2,2
2017-04-13,19.0,55.0,12.0,1011.0,0,0,0,0,3,2
2017-04-14,17.0,60.0,7.0,1012.0,0,0,0,0,4,2
2017-04-15,18.0,59.0,7.0,1012.0,0,0,1,0,5,2
2017-04-16,18.0,53.0,9.0,1012.0,1,0,0,0,6,2
2017-04-17,15.0,52.0,10.0,1014.0,0,0,0,0,0,2
2017-04-18,12.0,46.0,17.0,1012.0,0,0,0,0,1,2
2017-04-19,12.0,,18.0,1018.0,0,0,0,0,2,2
2017-04-20,11.0,26.0,9.0,1023.0,0,0,0,0,3,2
2017-04-21,12.0,29.0,8.0,1027.0,0,0,0,0,4,2
2017-04-22,14.0,45.0,9.0,1020.0,0,0,0,0,5,2
2017-04-23,16.0,60.0,8.0,1016.0,1,0,0,0,6,2
2017-04-24,15.0,64.0,9.0,1018.0,0,0,0,0,0,2
2017-04-25,16.0,68.0,8.0,1012.0,0,0,1,0,1,2
2017-04-26,12.0,90.0,12.0,1007.0,0,0,1,0,2,2
2017-04-27,13.0,94.0,5.0,1006.0,0,0,1,1,3,2
2017-04-28,12.0,62.0,12.0,1005.0,0,0,1,0,4,2
2017-04-29,13.0,44.0,6.0,1015.0,0,0,0,0,5,2
2017-04-30,14.0,48.0,8.0,1015.0,0,0,0,0,6,2
2017-05-01,11.0,74.0,11.0,1012.0,0,0,1,0,0,2
2017-05-02,12.0,75.0,8.0,1016.0,1,0,1,0,1,2
2017-05-03,12.0,83.0,6.0,1018.0,0,0,1,0,2,2
2017-05-04,13.0,83.0,4.0,1016.0,0,0,1,0,3,2
2017-05-05,15.0,71.0,7.0,1016.0,1,0,0,0,4,2
2017-05-06,14.0,78.0,8.0,1014.0,0,0,1,0,5,2
2017-05-07,13.0,86.0,6.0,1011.0,0,0,1,0,6,2
2017-05-08,16.0,70.0,6.0,1010.0,1,0,1,0,0,2
2017-05-09,17.0,64.0,10.0,1009.0,0,0,1,0,1,2
2017-05-10,15.0,70.0,11.0,1011.0,0,0,0,0,2,2
2017-05-11,15.0,77.0,12.0,1008.0,0,0,1,0,3,2
2017-05-12,17.0,81.0,6.0,1007.0,0,0,1,0,4,2
2017-05-13,19.0,66.0,9.0,1012.0,0,0,0,0,5,2
2017-05-14,20.0,64.0,8.0,1019.0,0,0,0,0,6,2
2017-05-15,21.0,59.0,7.0,1024.0,0,0,0,0,0,2
2017-05-16,21.0,52.0,7.0,1026.0,0,0,0,0,1,2
2017-05-17,23.0,48.0,8.0,1021.0,0,0,0,0,2,2
2017-05-18,23.0,48.0,11.0,1016.0,0,0,0,0,3,2
2017-05-19,19.0,66.0,13.0,1012.0,0,0,1,0,4,2
2017-05-20,18.0,58.0,7.0,1015.0,0,0,1,0,5,2
2017-05-21,20.0,52.0,5.0,1019.0,1,0,0,0,6,2
2017-05-22,22.0,44.0,5.0,1017.0,0,0,0,0,0,2
2017-05-23,24.0,44.0,9.0,1016.0,0,0,0,0,1,2
2017-05-24,25.0,44.0,8.0,1015.0,0,0,0,0,2,2
2017-05-25,23.0,54.0,12.0,1016.0,0,0,0,0,3,2
2017-05-26,23.0,42.0,10.0,1018.0,0,0,0,0,4,2
2017-05-27,24.0,46.0,7.0,1019.0,0,0,0,0,5,2
2017-05-28,25.0,43.0,7.0,1020.0,0,0,0,0,6,2
2017-05-29,26.0,43.0,7.0,1016.0,0,0,0,0,0,2
2017-05-30,26.0,41.0,8.0,1015.0,0,0,0,0,1,2
2017-05-31,25.0,36.0,10.0,1018.0,0,0,0,0,2,2
2017-06-01,25.0,39.0,7.0,1018.0,0,0,0,0,3,3
2017-06-02,25.0,39.0,7.0,1017.0,0,0,0,0,4,3
2017-06-03,25.0,47.0,8.0,1014.0,0,0,0,0,5,3
2017-06-04,24.0,56.0,8.0,1011.0,0,0,0,0,6,3
2017-06-05,21.0,66.0,12.0,1011.0,0,0,1,0,0,3
2017-06-06,20.0,76.0,10.0,1008.0,0,0,1,0,1,3
2017-06-07,21.0,52.0,6.0,1012.0,1,0,0,0,2,3
2017-06-08,21.0,51.0,10.0,1020.0,0,0,0,0,3,3
2017-06-09,22.0,53.0,6.0,1017.0,0,0,0,0,4,3
2017-06-10,25.0,51.0,6.0,1016.0,0,0,0,0,5,3
2017-06-11,26.0,47.0,8.0,1018.0,0,0,0,0,6,3
2017-06-12,27.0,47.0,7.0,1015.0,0,0,0,0,0,3
2017-06-13,28.0,45.0,7.0,1013.0,0,0,0,0,1,3
2017-06-14,27.0,52.0,6.0,1013.0,0,0,1,0,2,3
2017-06-15,25.0,73.0,7.0,1015.0,0,0,1,0,3,3
2017-06-16,29.0,50.0,7.0,1014.0,0,0,0,0,4,3
2017-06-17,28.0,41.0,10.0,1014.0,0,0,0,0,5,3
2017-06-18,25.0,41.0,13.0,1019.0,0,0,0,0,6,3
2017-06-19,26.0,39.0,8.0,1021.0,0,0,0,0,0,3
2017-06-20,27.0,43.0,7.0,1017.0,0,0,0,0,1,3
2017-06-21,28.0,40.0,8.0,1015.0,0,0,0,0,2,3
2017-06-22,28.0,49.0,7.0,1016.0,0,0,0,0,3,3
2017-06-23,28.0,59.0,13.0,1015.0,0,0,0,0,4,3
2017-06-24,29.0,57.0,8.0,1014.0,0,0,0,0,5,3
2017-06-25,26.0,65.0,8.0,1011.0,0,0,1,0,6,3
2017-06-26,25.0,67.0,8.0,1013.0,0,0,1,0,0,3
2017-06-27,24.0,66.0,9.0,1010.0,0,0,1,0,1,3
2017-06-28,22.0,75.0,11.0,1002.0,0,0,1,0,2,3
2017-06-29,20.0,78.0,9.0,1001.0,0,0,1,0,3,3
2017-06-30,21.0,58.0,10.0,1008.0,0,0,1,0,4,3
2017-07-01,21.0,57.0,8.0,1012.0,0,0,0,0,5,3
2017-07-02,23.0,55.0,7.0,1014.0,0,0,0,0,6,3
2017-07-03,25.0,46.0,7.0,1017.0,0,0,0,0,0,3
2017-07-04,25.0,54.0,8.0,1019.0,0,0,0,0,1,3
2017-07-05,26.0,52.0,6.0,1018.0,0,0,0,0,2,3
2017-07-06,28.0,42.0,6.0,1018.0,0,0,0,0,3,3
2017-07-07,28.0,40.0,7.0,1017.0,0,0,0,0,4,3
2017-07-08,29.0,45.0,5.0,1015.0,0,0,0,0,5,3
2017-07-09,27.0,56.0,7.0,1013.0,0,0,1,0,6,3
2017-07-10,27.0,60.0,8.0,1011.0,0,0,1,0,0,3
2017-07-11,25.0,70.0,5.0,1013.0,0,0,1,0,1,3
2017-07-12,25.0,65.0,6.0,1013.0,0,0,0,0,2,3
2017-07-13,27.0,60.0,9.0,1012.0,0,0,0,0,3,3
2017-07-14,24.0,70.0,12.0,1012.0,0,0,1,0,4,3
2017-07-15,25.0,53.0,7.0,1014.0,0,0,0,0,5,3
2017-07-16,24.0,45.0,11.0,1020.0,0,0,0,0,6,3
2017-07-17,25.0,38.0,8.0,1021.0,0,0,0,0,0,3
2017-07-18,26.0,43.0,5.0,1019.0,0,0,0,0,1,3
2017-07-19,26.0,45.0,6.0,1016.0,0,0,0,0,2,3
2017-07-20,26.0,46.0,6.0,1013.0,0,0,0,0,3,3
2017-07-21,26.0,56.0,7.0,1012.0,0,0,1,0,4,3
2017-07-22,26.0,56.0,5.0,1013.0,0,0,0,0,5,3
2017-07-23,27.0,53.0,9.0,1013.0,0,0,0,0,6,3
2017-07-24,24.0,62.0,8.0,1005.0,0,0,1,0,0,3
2017-07-25,25.0,30.0,10.0,1004.0,0,0,0,0,1,3
2017-07-26,24.0,37.0,14.0,1005.0,0,0,0,0,2,3
2017-07-27,25.0,37.0,9.0,1009.0,0,0,0,0,3,3
2017-07-28,26.0,52.0,6.0,1011.0,0,0,0,0,4,3
2017-07-29,26.0,60.0,7.0,1016.0,0,0,1,0,5,3
2017-07-30,25.0,68.0,8.0,1016.0,0,0,1,0,6,3
2017-07-31,26.0,62.0,5.0,1017.0,0,0,0,0,0,3
2017-08-01,29.0,56.0,5.0,1018.0,0,0,0,0,1,3
2017-08-02,30.0,55.0,5.0,1017.0,0,0,0,0,2,3
2017-08-03,30.0,46.0,6.0,1015.0,0,0,0,0,3,3
2017-08-04,31.0,41.0,7.0,1011.0,0,0,0,0,4,3
2017-08-05,31.0,43.0,5.0,1011.0,0,0,0,0,5,3
2017-08-06,28.0,56.0,9.0,1011.0,0,0,1,0,6,3
2017-08-07,26.0,49.0,10.0,1016.0,0,0,0,0,0,3
2017-08-08,26.0,51.0,13.0,1013.0,0,0,1,0,1,3
2017-08-09,28.0,53.0,6.0,1012.0,0,0,0,0,2,3
2017-08-10,24.0,62.0,6.0,1011.0,0,0,1,0,3,3
2017-08-11,21.0,57.0,11.0,1011.0,0,0,1,0,4,3
2017-08-12,23.0,47.0,7.0,1014.0,0,0,0,0,5,3
2017-08-13,23.0,46.0,5.0,1017.0,0,0,0,0,6,3
2017-08-14,25.0,47.0,6.0,1019.0,0,0,0,0,0,3
2017-08-15,26.0,47.0,5.0,1019.0,0,0,0,0,1,3
2017-08-16,27.0,49.0,5.0,1018.0,0,0,0,0,2,3
2017-08-17,28.0,48.0,6.0,1017.0,0,0,0,0,3,3
2017-08-18,28.0,50.0,7.0,1016.0,0,0,1,0,4,3
2017-08-19,26.0,59.0,7.0,1012.0,0,0,1,0,5,3
2017-08-20,23.0,51.0,8.0,1017.0,0,0,0,0,6,3
2017-08-21,23.0,45.0,10.0,1019.0,0,0,0,0,0,3
2017-08-22,23.0,42.0,9.0,1019.0,0,0,0,0,1,3
2017-08-23,24.0,48.0,7.0,1017.0,0,0,0,0,2,3
2017-08-24,25.0,51.0,6.0,1018.0,0,0,0,0,3,3
2017-08-25,26.0,54.0,5.0,1019.0,0,0,0,0,4,3
2017-08-26,27.0,54.0,5.0,1017.0,0,0,0,0,5,3
2017-08-27,28.0,52.0,6.0,1015.0,0,0,0,0,6,3
2017-08-28,27.0,52.0,5.0,1014.0,0,0,1,0,0,3
2017-08-29,26.0,47.0,10.0,1016.0,0,0,0,0,1,3
2017-08-30,27.0,45.0,6.0,1015.0,0,0,0,0,2,3
2017-08-31,25.0,55.0,8.0,1014.0,0,0,1,0,3,3
2017-09-01,23.0,63.0,9.0,1010.0,0,0,1,0,4,4
2017-09-02,16.0,76.0,10.0,1010.0,0,0,1,0,5,4
2017-09-03,19.0,61.0,4.0,1011.0,1,0,0,0,6,4
2017-09-04,20.0,54.0,6.0,1016.0,0,0,0,0,0,4
2017-09-05,22.0,57.0,5.0,1019.0,0,0,0,0,1,4
2017-09-06,22.0,62.0,5.0,1016.0,0,0,0,0,2,4
2017-09-07,23.0,63.0,8.0,1011.0,0,0,1,0,3,4
2017-09-08,20.0,70.0,9.0,1012.0,0,0,1,0,4,4
2017-09-09,20.0,70.0,13.0,1003.0,0,0,1,0,5,4
2017-09-10,16.0,92.0,14.0,1002.0,0,0,1,0,6,4
2017-09-11,19.0,80.0,6.0,1002.0,0,0,1,0,0,4
2017-09-12,20.0,69.0,11.0,1006.0,0,0,1,0,1,4
2017-09-13,19.0,64.0,7.0,1018.0,0,0,0,0,2,4
2017-09-14,19.0,72.0,8.0,1012.0,0,0,1,0,3,4
2017-09-15,15.0,71.0,5.0,1011.0,0,0,1,0,4,4
2017-09-16,16.0,79.0,7.0,1010.0,0,0,1,0,5,4
2017-09-17,16.0,73.0,8.0,1011.0,0,0,1,0,6,4
2017-09-18,14.0,79.0,4.0,1014.0,0,0,0,0,0,4
2017-09-19,15.0,72.0,5.0,1012.0,1,0,0,0,1,4
2017-09-20,16.0,59.0,6.0,1015.0,1,0,0,0,2,4
2017-09-21,16.0,56.0,4.0,1018.0,0,0,0,0,3,4
2017-09-22,17.0,63.0,5.0,1020.0,0,0,0,0,4,4
2017-09-23,18.0,70.0,5.0,1020.0,1,0,0,0,5,4
2017-09-24,19.0,72.0,8.0,1018.0,0,0,1,0,6,4
2017-09-25,18.0,65.0,8.0,1019.0,0,0,0,0,0,4
2017-09-26,17.0,68.0,6.0,1021.0,0,0,0,0,1,4
2017-09-27,19.0,64.0,6.0,1023.0,0,0,0,0,2,4
2017-09-28,18.0,69.0,6.0,1025.0,0,0,0,0,3,4
2017-09-29,18.0,66.0,7.0,1024.0,0,0,0,0,4,4
2017-09-30,18.0,60.0,9.0,1020.0,0,0,0,0,5,4
2017-10-01,16.0,69.0,7.0,1021.0,0,0,1,0,6,4
2017-10-02,16.0,72.0,3.0,1023.0,0,0,0,0,0,4
2017-10-03,16.0,80.0,4.0,1020.0,0,0,0,0,1,4
2017-10-04,16.0,84.0,4.0,1024.0,1,0,0,0,2,4
2017-10-05,18.0,75.0,6.0,1017.0,1,0,0,0,3,4
2017-10-06,18.0,60.0,12.0,1010.0,1,0,0,0,4,4
2017-10-07,14.0,57.0,6.0,1019.0,1,0,0,0,5,4
2017-10-08,17.0,52.0,7.0,1015.0,0,0,0,0,6,4
2017-10-09,15.0,71.0,3.0,1017.0,0,0,0,0,0,4
2017-10-10,16.0,68.0,3.0,1019.0,0,0,0,0,1,4
2017-10-11,16.0,71.0,5.0,1022.0,1,0,0,0,2,4
2017-10-12,16.0,74.0,3.0,1024.0,1,0,0,0,3,4
2017-10-13,16.0,78.0,2.0,1026.0,1,0,0,0,4,4
2017-10-14,16.0,80.0,3.0,1027.0,1,0,0,0,5,4
2017-10-15,16.0,81.0,3.0,1028.0,1,0,0,0,6,4
2017-10-16,16.0,79.0,3.0,1027.0,1,0,0,0,0,4
2017-10-17,15.0,81.0,2.0,1024.0,1,0,0,0,1,4
2017-10-18,15.0,80.0,2.0,1019.0,1,0,0,0,2,4
2017-10-19,13.0,95.0,4.0,1019.0,1,0,0,1,3,4
2017-10-20,13.0,93.0,6.0,1020.0,1,0,0,0,4,4
2017-10-21,14.0,88.0,2.0,1020.0,0,0,1,0,5,4
2017-10-22,15.0,75.0,6.0,1013.0,1,0,1,0,6,4
2017-10-23,16.0,37.0,12.0,1014.0,0,0,0,0,0,4
2017-10-24,15.0,42.0,6.0,1019.0,0,0,0,0,1,4
2017-10-25,13.0,64.0,4.0,1025.0,0,0,0,0,2,4
2017-10-26,13.0,70.0,4.0,1025.0,1,0,0,0,3,4
2017-10-27,15.0,67.0,8.0,1017.0,1,0,0,0,4,4
2017-10-28,13.0,69.0,6.0,1018.0,1,0,0,0,5,4
2017-10-29,15.0,54.0,14.0,1007.0,0,0,0,0,6,4
2017-10-30,14.0,64.0,5.0,1016.0,0,0,0,0,0,4
2017-10-31,12.0,67.0,3.0,1023.0,0,0,0,0,1,4
2017-11-01,10.0,78.0,3.0,1024.0,1,0,0,0,2,4
2017-11-02,11.0,79.0,5.0,1020.0,1,0,0,0,3,4
2017-11-03,13.0,72.0,3.0,1016.0,0,0,0,0,4,4
2017-11-04,13.0,75.0,3.0,1018.0,0,0,0,0,5,4
2017-11-05,12.0,94.0,13.0,1008.0,0,0,1,0,6,4
2017-11-06,9.0,88.0,7.0,1009.0,0,0,1,0,0,4
2017-11-07,9.0,91.0,6.0,1012.0,0,0,1,0,1,4
2017-11-08,10.0,89.0,8.0,1015.0,0,0,1,0,2,4
2017-11-09,10.0,95.0,5.0,1020.0,0,0,1,1,3,4
2017-11-10,9.0,91.0,7.0,1020.0,1,0,0,0,4,4
2017-11-11,6.0,100.0,5.0,1014.0,1,0,0,1,5,4
2017-11-12,7.0,99.0,8.0,1006.0,1,0,1,0,6,4
2017-11-13,7.0,78.0,9.0,1001.0,0,0,0,0,0,4
2017-11-14,8.0,67.0,6.0,1016.0,0,0,0,0,1,4
2017-11-15,6.0,68.0,6.0,1021.0,0,0,0,0,2,4
2017-11-16,9.0,63.0,6.0,1020.0,0,0,0,0,3,4
2017-11-17,7.0,78.0,4.0,1018.0,1,0,0,0,4,4
2017-11-18,6.0,85.0,5.0,1018.0,1,0,0,0,5,4
2017-11-19,7.0,83.0,6.0,1013.0,1,0,0,0,6,4
2017-11-20,6.0,83.0,6.0,1019.0,1,0,0,0,0,4
2017-11-21,9.0,77.0,6.0,1018.0,0,0,0,0,1,4
2017-11-22,9.0,81.0,6.0,1020.0,0,0,0,0,2,4
2017-11-23,9.0,86.0,7.0,1020.0,0,0,0,0,3,4
2017-11-24,9.0,95.0,8.0,1021.0,1,0,1,0,4,4
2017-11-25,9.0,98.0,7.0,1014.0,1,0,1,0,5,4
2017-11-26,8.0,57.0,11.0,1016.0,0,0,0,0,6,4
2017-11-27,2.0,81.0,4.0,1024.0,1,0,0,0,0,4
2017-11-28,3.0,82.0,3.0,1016.0,0,0,1,0,1,4
2017-11-29,4.0,79.0,4.0,1006.0,0,0,1,0,2,4
2017-11-30,5.0,60.0,9.0,1002.0,0,0,1,0,3,4
2017-12-01,3.0,74.0,6.0,1011.0,0,0,1,0,4,1
2017-12-02,5.0,64.0,6.0,1016.0,0,0,1,0,5,1
2017-12-03,2.0,80.0,3.0,1020.0,1,0,0,0,6,1
2017-12-04,1.0,86.0,3.0,1026.0,1,0,0,0,0,1
2017-12-05,2.0,80.0,3.0,1032.0,1,0,0,0,1,1
2017-12-06,4.0,84.0,4.0,1032.0,1,0,0,0,2,1
2017-12-07,5.0,83.0,5.0,1028.0,1,0,0,0,3,1
2017-12-08,5.0,83.0,6.0,1015.0,0,0,0,0,4,1
2017-12-09,6.0,,14.0,1012.0,0,0,0,0,5,1
2017-12-10,0.0,67.0,4.0,1011.0,0,1,1,0,6,1
2017-12-11,1.0,99.0,5.0,999.0,0,0,1,1,0,1
2017-12-12,3.0,96.0,5.0,1008.0,1,0,0,1,1,1
2017-12-13,3.0,91.0,6.0,1016.0,1,0,0,0,2,1
2017-12-14,4.0,83.0,5.0,1007.0,0,0,0,0,3,1
2017-12-15,2.0,94.0,7.0,999.0,1,0,0,0,4,1
2017-12-16,2.0,91.0,7.0,1007.0,0,0,0,0,5,1
2017-12-17,3.0,69.0,6.0,1019.0,1,0,0,0,6,1
2017-12-18,0.0,66.0,4.0,1024.0,0,0,0,0,0,1
2017-12-19,0.0,73.0,5.0,1031.0,0,0,0,0,1,1
2017-12-20,0.0,82.0,5.0,1032.0,1,0,0,0,2,1
2017-12-21,0.0,84.0,4.0,1033.0,1,0,0,0,3,1
2017-12-22,1.0,83.0,4.0,1031.0,0,0,0,0,4,1
2017-12-23,3.0,80.0,5.0,1030.0,1,0,0,0,5,1
2017-12-24,4.0,85.0,5.0,1028.0,1,0,0,0,6,1
2017-12-25,5.0,89.0,4.0,1025.0,1,0,1,0,0,1
2017-12-26,5.0,97.0,6.0,1016.0,0,0,1,0,1,1
2017-12-27,5.0,99.0,9.0,994.0,0,0,1,0,2,1
2017-12-28,6.0,58.0,11.0,992.0,0,0,1,0,3,1
2017-12-29,4.0,41.0,6.0,1010.0,0,0,0,0,4,1
2017-12-30,4.0,69.0,5.0,1016.0,0,0,0,0,5,1
2017-12-31,3.0,85.0,3.0,1020.0,0,0,1,0,6,1
2018-01-01,3.0,94.0,5.0,1012.0,0,0,1,1,0,1
2018-01-02,6.0,72.0,8.0,1014.0,0,0,0,0,1,1
2018-01-03,4.0,73.0,6.0,1010.0,0,0,1,0,2,1
2018-01-04,6.0,75.0,6.0,1007.0,0,0,0,0,3,1
2018-01-05,5.0,89.0,5.0,1009.0,1,0,1,0,4,1
2018-01-06,7.0,99.0,4.0,1013.0,0,0,1,1,5,1
2018-01-07,8.0,99.0,7.0,1019.0,1,0,1,0,6,1
2018-01-08,11.0,93.0,15.0,1021.0,0,0,1,0,0,1
2018-01-09,11.0,89.0,11.0,1018.0,0,0,1,0,1,1
2018-01-10,8.0,91.0,7.0,1015.0,0,0,1,0,2,1
2018-01-11,7.0,94.0,5.0,1013.0,1,0,1,1,3,1
2018-01-12,7.0,83.0,6.0,1020.0,1,0,0,0,4,1
2018-01-13,4.0,88.0,5.0,1022.0,1,0,0,0,5,1
2018-01-14,3.0,93.0,4.0,1022.0,1,0,0,1,6,1
2018-01-15,3.0,98.0,5.0,1022.0,1,0,1,1,0,1
2018-01-16,4.0,96.0,5.0,1009.0,1,0,1,1,1,1
2018-01-17,5.0,74.0,9.0,1006.0,1,0,0,0,2,1
2018-01-18,6.0,57.0,7.0,1013.0,0,0,0,0,3,1
2018-01-19,6.0,69.0,6.0,1009.0,0,0,0,0,4,1
2018-01-20,4.0,83.0,6.0,1011.0,1,0,0,0,5,1
2018-01-21,7.0,60.0,10.0,1007.0,0,0,0,0,6,1
2018-01-22,6.0,59.0,7.0,1015.0,0,0,0,0,0,1
2018-01-23,4.0,80.0,6.0,1022.0,1,0,0,0,1,1
2018-01-24,6.0,77.0,7.0,1031.0,0,0,0,0,2,1
2018-01-25,6.0,90.0,4.0,1026.0,0,0,1,1,3,1
2018-01-26,6.0,95.0,6.0,1023.0,0,0,1,0,4,1
2018-01-27,7.0,96.0,8.0,1030.0,1,0,1,0,5,1
2018-01-28,4.0,100.0,4.0,1034.0,1,0,0,1,6,1
2018-01-29,4.0,100.0,3.0,1032.0,1,0,0,1,0,1
2018-01-30,2.0,100.0,6.0,1028.0,1,0,0,0,1,1
2018-01-31,6.0,100.0,4.0,1022.0,1,0,1,1,2,1
2018-02-01,6.0,100.0,8.0,1005.0,1,0,1,0,3,1
2018-02-02,6.0,94.0,7.0,1004.0,0,0,0,0,4,1
2018-02-03,5.0,82.0,6.0,1003.0,0,0,0,0,5,1
2018-02-04,4.0,79.0,5.0,1014.0,1,0,1,0,6,1
2018-02-05,5.0,80.0,8.0,1021.0,0,0,1,0,0,1
2018-02-06,4.0,91.0,7.0,1015.0,0,0,1,0,1,1
2018-02-07,5.0,86.0,6.0,1007.0,0,0,1,0,2,1
2018-02-08,6.0,85.0,5.0,1013.0,1,0,0,0,3,1
2018-02-09,7.0,80.0,6.0,1015.0,0,0,1,0,4,1
2018-02-10,6.0,80.0,8.0,1012.0,0,0,1,0,5,1
2018-02-11,5.0,82.0,5.0,1011.0,1,0,0,0,6,1
2018-02-12,5.0,76.0,8.0,1010.0,0,0,0,0,0,1
2018-02-13,4.0,67.0,5.0,1013.0,0,0,0,0,1,1
2018-02-14,3.0,58.0,5.0,1015.0,0,0,0,0,2,1
2018-02-15,3.0,63.0,4.0,1022.0,0,0,0,0,3,1
2018-02-16,4.0,70.0,5.0,1024.0,0,0,0,0,4,1
2018-02-17,6.0,70.0,5.0,1022.0,0,0,0,0,5,1
2018-02-18,5.0,85.0,7.0,1019.0,1,0,1,0,6,1
2018-02-19,5.0,68.0,6.0,1018.0,0,0,1,0,0,1
2018-02-20,4.0,69.0,4.0,1010.0,0,0,0,0,1,1
2018-02-21,5.0,68.0,6.0,1009.0,0,0,0,0,2,1
2018-02-22,4.0,78.0,4.0,1008.0,0,0,1,0,3,1
2018-02-23,3.0,94.0,5.0,1009.0,0,1,1,1,4,1
2018-02-24,6.0,81.0,4.0,1010.0,0,0,1,0,5,1
2018-02-25,2.0,75.0,20.0,1013.0,0,1,0,0,6,1
2018-02-26,-2.0,55.0,9.0,1013.0,0,0,0,0,0,1
2018-02-27,-3.0,56.0,4.0,1011.0,0,0,0,0,1,1
2018-02-28,-3.0,63.0,7.0,1016.0,0,0,0,0,2,1
2018-03-01,-2.0,94.0,5.0,1013.0,0,1,0,1,3,2
2018-03-02,0.0,94.0,8.0,999.0,0,1,1,0,4,2
2018-03-03,0.0,98.0,6.0,999.0,1,1,1,0,5,2
2018-03-04,2.0,97.0,6.0,1004.0,1,0,1,0,6,2
2018-03-05,5.0,94.0,5.0,999.0,0,0,1,1,0,2
2018-03-06,6.0,95.0,5.0,993.0,1,0,1,1,1,2
2018-03-07,6.0,94.0,7.0,999.0,1,0,1,0,2,2
2018-03-08,8.0,73.0,5.0,1009.0,1,0,0,0,3,2
2018-03-09,10.0,66.0,6.0,1015.0,0,0,0,0,4,2
2018-03-10,9.0,93.0,5.0,1014.0,0,0,1,1,5,2
2018-03-11,9.0,99.0,7.0,1004.0,0,0,1,0,6,2
2018-03-12,9.0,88.0,7.0,1002.0,0,0,1,0,0,2
2018-03-13,11.0,76.0,5.0,1006.0,1,0,0,0,1,2
2018-03-14,12.0,58.0,7.0,1010.0,0,0,0,0,2,2
2018-03-15,8.0,88.0,10.0,1005.0,0,0,1,0,3,2
2018-03-16,10.0,77.0,7.0,1002.0,0,0,1,0,4,2
2018-03-17,9.0,93.0,10.0,995.0,0,0,1,0,5,2
2018-03-18,7.0,94.0,10.0,996.0,0,0,1,0,6,2
2018-03-19,4.0,91.0,10.0,1001.0,0,0,1,0,0,2
2018-03-20,6.0,78.0,9.0,1006.0,0,0,1,0,1,2
2018-03-21,6.0,64.0,8.0,1018.0,0,0,1,0,2,2
2018-03-22,6.0,55.0,8.0,1014.0,0,0,0,0,3,2
2018-03-23,7.0,61.0,7.0,1003.0,0,0,0,0,4,2
2018-03-24,8.0,59.0,11.0,1004.0,0,0,0,0,5,2
2018-03-25,9.0,54.0,8.0,1007.0,0,0,0,0,6,2
2018-03-26,10.0,58.0,6.0,1010.0,0,0,0,0,0,2
2018-03-27,11.0,56.0,5.0,1012.0,0,0,0,0,1,2
2018-03-28,11.0,67.0,6.0,1010.0,0,0,0,0,2,2
2018-03-29,12.0,80.0,7.0,1006.0,0,0,1,0,3,2
2018-03-30,13.0,74.0,12.0,1005.0,0,0,1,0,4,2
2018-03-31,11.0,75.0,10.0,997.0,0,0,1,0,5,2
2018-04-01,13.0,47.0,11.0,1005.0,0,0,0,0,6,2
2018-04-02,12.0,51.0,6.0,1015.0,0,0,0,0,0,2
2018-04-03,12.0,66.0,4.0,1017.0,0,0,1,0,1,2
2018-04-04,10.0,95.0,8.0,1015.0,0,0,1,0,2,2
2018-04-05,13.0,81.0,10.0,1014.0,0,0,1,0,3,2
2018-04-06,14.0,72.0,6.0,1019.0,0,0,0,0,4,2
2018-04-07,15.0,67.0,6.0,1018.0,0,0,0,0,5,2
2018-04-08,15.0,60.0,10.0,1015.0,0,0,0,0,6,2
2018-04-09,13.0,79.0,6.0,1010.0,0,0,1,0,0,2
2018-04-10,11.0,92.0,7.0,1009.0,0,0,1,0,1,2
2018-04-11,11.0,89.0,8.0,1008.0,0,0,1,0,2,2
2018-04-12,11.0,88.0,12.0,1005.0,0,0,1,0,3,2
2018-04-13,12.0,81.0,5.0,1013.0,0,0,1,0,4,2
2018-04-14,14.0,69.0,4.0,1020.0,0,0,0,0,5,2
2018-04-15,14.0,74.0,4.0,1013.0,0,0,1,0,6,2
2018-04-16,17.0,67.0,4.0,1011.0,0,0,0,0,0,2
2018-04-17,18.0,66.0,7.0,1020.0,0,0,0,0,1,2
2018-04-18,19.0,62.0,7.0,1027.0,0,0,0,0,2,2
2018-04-19,19.0,57.0,6.0,1027.0,0,0,0,0,3,2
2018-04-20,20.0,55.0,5.0,1024.0,0,0,0,0,4,2
2018-04-21,21.0,54.0,5.0,1019.0,0,0,0,0,5,2
2018-04-22,20.0,52.0,6.0,1017.0,0,0,0,0,6,2
2018-04-23,20.0,56.0,6.0,1016.0,0,0,0,0,0,2
2018-04-24,21.0,53.0,7.0,1016.0,0,0,0,0,1,2
2018-04-25,22.0,48.0,9.0,1015.0,0,0,0,0,2,2
2018-04-26,21.0,58.0,9.0,1011.0,0,0,0,0,3,2
2018-04-27,19.0,63.0,14.0,1014.0,0,0,0,0,4,2
2018-04-28,20.0,62.0,7.0,1013.0,0,0,1,0,5,2
2018-04-29,21.0,59.0,13.0,1009.0,0,0,1,0,6,2
2018-04-30,18.0,47.0,12.0,1009.0,0,0,1,0,0,2
2018-05-01,15.0,56.0,10.0,1012.0,0,0,1,0,1,2
2018-05-02,13.0,89.0,5.0,1010.0,0,0,1,0,2,2
2018-05-03,15.0,91.0,7.0,1006.0,0,0,1,0,3,2
2018-05-04,18.0,83.0,9.0,1010.0,0,0,1,0,4,2
2018-05-05,19.0,71.0,6.0,1016.0,0,0,0,0,5,2
2018-05-06,20.0,75.0,7.0,1016.0,1,0,0,0,6,2
2018-05-07,20.0,66.0,9.0,1015.0,0,0,1,0,0,2
2018-05-08,20.0,67.0,8.0,1009.0,0,0,1,0,1,2
2018-05-09,18.0,78.0,8.0,1007.0,0,0,1,0,2,2
2018-05-10,20.0,69.0,5.0,1010.0,0,0,0,0,3,2
2018-05-11,20.0,72.0,7.0,1015.0,0,0,1,0,4,2
2018-05-12,20.0,75.0,5.0,1014.0,0,0,1,0,5,2
2018-05-13,19.0,68.0,10.0,1010.0,0,0,1,0,6,2
2018-05-14,15.0,65.0,10.0,1010.0,0,0,1,0,0,2
2018-05-15,14.0,72.0,11.0,1010.0,0,0,1,0,1,2
2018-05-16,16.0,74.0,7.0,1012.0,0,0,1,0,2,2
2018-05-17,19.0,69.0,7.0,1015.0,1,0,1,0,3,2
2018-05-18,20.0,63.0,7.0,1016.0,0,0,1,0,4,2
2018-05-19,20.0,62.0,9.0,1016.0,0,0,0,0,5,2
2018-05-20,19.0,69.0,9.0,1016.0,0,0,1,0,6,2
2018-05-21,19.0,72.0,8.0,1015.0,0,0,1,0,0,2
2018-05-22,17.0,85.0,6.0,1014.0,0,0,1,0,1,2
2018-05-23,20.0,73.0,5.0,1016.0,0,0,1,0,2,2
2018-05-24,22.0,67.0,5.0,1016.0,0,0,0,0,3,2
2018-05-25,24.0,60.0,5.0,1015.0,0,0,0,0,4,2
2018-05-26,24.0,64.0,7.0,1018.0,0,0,0,0,5,2
2018-05-27,24.0,65.0,8.0,1018.0,0,0,0,0,6,2
2018-05-28,22.0,72.0,9.0,1018.0,0,0,1,0,0,2
2018-05-29,22.0,75.0,6.0,1016.0,0,0,1,0,1,2
2018-05-30,23.0,75.0,7.0,1015.0,0,0,1,0,2,2
2018-05-31,22.0,74.0,7.0,1016.0,0,0,0,0,3,2
2018-06-01,23.0,62.0,10.0,1017.0,0,0,0,0,4,3
2018-06-02,23.0,62.0,8.0,1017.0,0,0,0,0,5,3
2018-06-03,24.0,60.0,6.0,1016.0,0,0,1,0,6,3
2018-06-04,21.0,81.0,7.0,1011.0,0,0,1,0,0,3
2018-06-05,23.0,68.0,8.0,1009.0,0,0,0,0,1,3
2018-06-06,23.0,62.0,10.0,1013.0,0,0,0,0,2,3
2018-06-07,23.0,61.0,9.0,1015.0,0,0,1,0,3,3
2018-06-08,21.0,76.0,6.0,1013.0,0,0,1,0,4,3
2018-06-09,23.0,67.0,9.0,1011.0,0,0,0,0,5,3
2018-06-10,26.0,60.0,10.0,1011.0,0,0,0,0,6,3
2018-06-11,25.0,67.0,6.0,1010.0,0,0,1,0,0,3
2018-06-12,24.0,70.0,8.0,1006.0,0,0,1,0,1,3
2018-06-13,21.0,78.0,7.0,1005.0,0,0,1,0,2,3
2018-06-14,22.0,68.0,6.0,1008.0,0,0,1,0,3,3
2018-06-15,23.0,61.0,10.0,1011.0,0,0,0,0,4,3
2018-06-16,24.0,52.0,8.0,1012.0,0,0,0,0,5,3
2018-06-17,25.0,55.0,6.0,1013.0,0,0,0,0,6,3
2018-06-18,25.0,57.0,9.0,1016.0,0,0,1,0,0,3
2018-06-19,26.0,56.0,8.0,1019.0,0,0,0,0,1,3
2018-06-20,27.0,53.0,8.0,1019.0,0,0,0,0,2,3
2018-06-21,26.0,62.0,5.0,1016.0,0,0,0,0,3,3
2018-06-22,26.0,60.0,16.0,1012.0,0,0,0,0,4,3
2018-06-23,24.0,46.0,11.0,1019.0,0,0,0,0,5,3
2018-06-24,22.0,48.0,9.0,1017.0,0,0,0,0,6,3
2018-06-25,22.0,58.0,12.0,1016.0,0,0,0,0,0,3
2018-06-26,23.0,48.0,9.0,1018.0,0,0,0,0,1,3
2018-06-27,24.0,50.0,9.0,1014.0,0,0,0,0,2,3
2018-06-28,24.0,45.0,9.0,1011.0,0,0,0,0,3,3
2018-06-29,28.0,38.0,8.0,1010.0,0,0,0,0,4,3
2018-06-30,27.0,48.0,8.0,1009.0,0,0,0,0,5,3
2018-07-01,27.0,57.0,10.0,1011.0,0,0,0,0,6,3
2018-07-02,26.0,61.0,10.0,1013.0,0,0,0,0,0,3
2018-07-03,27.0,56.0,9.0,1013.0,0,0,1,0,1,3
2018-07-04,25.0,70.0,9.0,1015.0,0,0,1,0,2,3
2018-07-05,24.0,72.0,9.0,1013.0,0,0,1,0,3,3
2018-07-06,24.0,68.0,7.0,1013.0,0,0,1,0,4,3
2018-07-07,26.0,64.0,6.0,1016.0,0,0,0,0,5,3
2018-07-08,25.0,62.0,8.0,1016.0,0,0,0,0,6,3
2018-07-09,26.0,53.0,10.0,1015.0,0,0,0,0,0,3
2018-07-10,26.0,55.0,9.0,1012.0,0,0,0,0,1,3
2018-07-11,23.0,76.0,14.0,1011.0,0,0,1,0,2,3
2018-07-12,24.0,74.0,9.0,1014.0,0,0,0,0,3,3
2018-07-13,26.0,67.0,6.0,1016.0,0,0,0,0,4,3
2018-07-14,27.0,65.0,7.0,1016.0,0,0,1,0,5,3
2018-07-15,26.0,69.0,6.0,1014.0,0,0,1,0,6,3
2018-07-16,23.0,74.0,10.0,1012.0,0,0,1,0,0,3
2018-07-17,26.0,63.0,7.0,1011.0,0,0,0,0,1,3
2018-07-18,28.0,51.0,6.0,1013.0,0,0,0,0,2,3
2018-07-19,27.0,51.0,7.0,1012.0,0,0,0,0,3,3
2018-07-20,27.0,65.0,8.0,1012.0,0,0,1,0,4,3
2018-07-21,21.0,83.0,8.0,1012.0,0,0,1,0,5,3
2018-07-22,24.0,71.0,6.0,1010.0,1,0,1,0,6,3
2018-07-23,25.0,67.0,7.0,1011.0,0,0,1,0,0,3
2018-07-24,27.0,61.0,7.0,1013.0,0,0,0,0,1,3
2018-07-25,27.0,60.0,6.0,1012.0,0,0,1,0,2,3
2018-07-26,27.0,68.0,10.0,1011.0,0,0,1,0,3,3
2018-07-27,26.0,70.0,7.0,1012.0,0,0,1,0,4,3
2018-07-28,26.0,70.0,6.0,1011.0,0,0,1,0,5,3
2018-07-29,26.0,67.0,5.0,1013.0,0,0,0,0,6,3
2018-07-30,28.0,66.0,5.0,1014.0,0,0,0,0,0,3
2018-07-31,29.0,66.0,5.0,1014.0,0,0,0,0,1,3
2018-08-01,29.0,62.0,8.0,1015.0,0,0,1,0,2,3
2018-08-02,27.0,63.0,9.0,1016.0,0,0,0,0,3,3
2018-08-03,28.0,63.0,7.0,1017.0,0,0,0,0,4,3
2018-08-04,29.0,63.0,8.0,1015.0,0,0,1,0,5,3
2018-08-05,29.0,63.0,6.0,1015.0,0,0,1,0,6,3
2018-08-06,29.0,65.0,7.0,1015.0,0,0,0,0,0,3
2018-08-07,28.0,56.0,9.0,1014.0,0,0,1,0,1,3
2018-08-08,28.0,64.0,7.0,1014.0,0,0,0,0,2,3
2018-08-09,26.0,69.0,7.0,1016.0,0,0,1,0,3,3
2018-08-10,26.0,67.0,6.0,1018.0,0,0,1,0,4,3
2018-08-11,27.0,64.0,7.0,1017.0,0,0,1,0,5,3
2018-08-12,25.0,71.0,10.0,1017.0,0,0,1,0,6,3
2018-08-13,24.0,77.0,6.0,1013.0,0,0,1,0,0,3
2018-08-14,23.0,73.0,5.0,1011.0,0,0,0,0,1,3
2018-08-15,24.0,68.0,6.0,1016.0,0,0,1,0,2,3
2018-08-16,25.0,61.0,8.0,1016.0,0,0,0,0,3,3
2018-08-17,25.0,62.0,5.0,1014.0,0,0,0,0,4,3
2018-08-18,26.0,64.0,5.0,1017.0,0,0,0,0,5,3
2018-08-19,26.0,63.0,4.0,1018.0,0,0,0,0,6,3
2018-08-20,29.0,52.0,6.0,1015.0,0,0,0,0,0,3
2018-08-21,26.0,61.0,4.0,1016.0,0,0,0,0,1,3
2018-08-22,27.0,61.0,5.0,1016.0,0,0,0,0,2,3
2018-08-23,27.0,59.0,7.0,1013.0,0,0,1,0,3,3
2018-08-24,26.0,61.0,7.0,1010.0,0,0,1,0,4,3
2018-08-25,20.0,89.0,12.0,1008.0,0,0,1,0,5,3
2018-08-26,20.0,72.0,9.0,1010.0,1,0,0,0,6,3
2018-08-27,20.0,59.0,7.0,1016.0,0,0,0,0,0,3
2018-08-28,22.0,68.0,4.0,1018.0,0,0,0,0,1,3
2018-08-29,23.0,61.0,5.0,1016.0,0,0,0,0,2,3
2018-08-30,25.0,64.0,6.0,1014.0,0,0,0,0,3,3
2018-08-31,21.0,75.0,13.0,1014.0,0,0,1,0,4,3
2018-09-01,19.0,86.0,5.0,1015.0,0,0,1,0,5,4
2018-09-02,19.0,82.0,7.0,1016.0,0,0,1,0,6,4
2018-09-03,21.0,72.0,6.0,1014.0,0,0,1,0,0,4
2018-09-04,21.0,74.0,5.0,1013.0,0,0,0,0,1,4
2018-09-05,22.0,70.0,5.0,1015.0,0,0,0,0,2,4
2018-09-06,22.0,72.0,6.0,1012.0,0,0,1,0,3,4
2018-09-07,21.0,78.0,5.0,1012.0,1,0,1,0,4,4
2018-09-08,23.0,73.0,5.0,1018.0,0,0,0,0,5,4
2018-09-09,23.0,71.0,4.0,1020.0,0,0,0,0,6,4
2018-09-10,24.0,73.0,4.0,1021.0,0,0,0,0,0,4
2018-09-11,24.0,72.0,4.0,1023.0,0,0,0,0,1,4
2018-09-12,24.0,73.0,4.0,1022.0,0,0,0,0,2,4
2018-09-13,24.0,70.0,6.0,1015.0,0,0,1,0,3,4
2018-09-14,24.0,73.0,6.0,1015.0,0,0,0,0,4,4
2018-09-15,23.0,75.0,7.0,1019.0,0,0,0,0,5,4
2018-09-16,24.0,72.0,8.0,1022.0,0,0,0,0,6,4
2018-09-17,22.0,76.0,6.0,1021.0,0,0,0,0,0,4
2018-09-18,23.0,76.0,4.0,1019.0,0,0,0,0,1,4
2018-09-19,22.0,78.0,4.0,1019.0,1,0,0,0,2,4
2018-09-20,23.0,73.0,4.0,1019.0,0,0,0,0,3,4
2018-09-21,24.0,68.0,4.0,1015.0,1,0,0,0,4,4
2018-09-22,25.0,66.0,6.0,1015.0,0,0,0,0,5,4
2018-09-23,23.0,67.0,7.0,1017.0,0,0,0,0,6,4
2018-09-24,24.0,50.0,17.0,1016.0,0,0,0,0,0,4
2018-09-25,18.0,46.0,11.0,1031.0,0,0,0,0,1,4
2018-09-26,15.0,51.0,9.0,1037.0,0,0,0,0,2,4
2018-09-27,15.0,66.0,3.0,1030.0,1,0,0,0,3,4
2018-09-28,17.0,67.0,4.0,1018.0,1,0,0,0,4,4
2018-09-29,19.0,55.0,8.0,1018.0,0,0,0,0,5,4
2018-09-30,18.0,55.0,8.0,1018.0,0,0,0,0,6,4
2018-10-01,14.0,85.0,7.0,1010.0,0,0,1,0,0,4
2018-10-02,14.0,72.0,5.0,1017.0,1,0,0,0,1,4
2018-10-03,15.0,71.0,4.0,1021.0,0,0,0,0,2,4
2018-10-04,17.0,68.0,5.0,1025.0,1,0,0,0,3,4
2018-10-05,16.0,68.0,5.0,1023.0,1,0,1,0,4,4
2018-10-06,17.0,77.0,5.0,1018.0,0,0,1,0,5,4
2018-10-07,16.0,82.0,4.0,1014.0,1,0,0,0,6,4
2018-10-08,18.0,75.0,4.0,1019.0,0,0,0,0,0,4
2018-10-09,18.0,78.0,4.0,1021.0,0,0,0,0,1,4
2018-10-10,19.0,73.0,9.0,1021.0,0,0,0,0,2,4
2018-10-11,17.0,79.0,9.0,1021.0,0,0,1,0,3,4
2018-10-12,19.0,81.0,6.0,1025.0,0,0,1,0,4,4
2018-10-13,16.0,88.0,4.0,1024.0,1,0,1,0,5,4
2018-10-14,16.0,78.0,5.0,1020.0,1,0,1,0,6,4
2018-10-15,17.0,75.0,7.0,1019.0,1,0,1,0,0,4
2018-10-16,18.0,71.0,6.0,1020.0,0,0,0,0,1,4
2018-10-17,18.0,75.0,4.0,1019.0,0,0,0,0,2,4
2018-10-18,17.0,77.0,3.0,1017.0,0,0,0,0,3,4
2018-10-19,17.0,79.0,4.0,1018.0,1,0,0,0,4,4
2018-10-20,17.0,79.0,4.0,1022.0,1,0,0,0,5,4
2018-10-21,15.0,79.0,11.0,1020.0,1,0,0,0,6,4
2018-10-22,13.0,61.0,5.0,1023.0,0,0,0,0,0,4
2018-10-23,12.0,71.0,5.0,1023.0,0,0,0,0,1,4
2018-10-24,21.0,43.0,19.0,1012.0,0,0,0,0,2,4
2018-10-25,17.0,71.0,9.0,1015.0,0,0,0,0,3,4
2018-10-26,16.0,86.0,7.0,1013.0,0,0,1,0,4,4
2018-10-27,15.0,94.0,14.0,1002.0,0,0,1,0,5,4
2018-10-28,16.0,94.0,13.0,998.0,0,0,1,0,6,4
2018-10-29,15.0,90.0,23.0,994.0,0,0,1,0,0,4
2018-10-30,14.0,65.0,13.0,1006.0,0,0,0,0,1,4
2018-10-31,13.0,79.0,10.0,1020.0,0,0,1,0,2,4
2018-11-01,12.0,92.0,10.0,1017.0,0,0,1,0,3,4
2018-11-02,13.0,95.0,4.0,1019.0,0,0,1,1,4,4
2018-11-03,14.0,93.0,5.0,1022.0,1,0,1,1,5,4
2018-11-04,15.0,89.0,5.0,1016.0,1,0,1,0,6,4
2018-11-05,15.0,91.0,9.0,1014.0,0,0,1,0,0,4
2018-11-06,16.0,90.0,16.0,1014.0,0,0,1,0,1,4
2018-11-07,15.0,90.0,6.0,1016.0,0,0,1,0,2,4
2018-11-08,14.0,92.0,5.0,1021.0,0,0,1,1,3,4
2018-11-09,14.0,93.0,4.0,1019.0,0,0,1,1,4,4
2018-11-10,13.0,95.0,10.0,1016.0,1,0,1,0,5,4
2018-11-11,13.0,95.0,8.0,1020.0,0,0,1,0,6,4
2018-11-12,14.0,96.0,5.0,1026.0,0,0,1,1,0,4
2018-11-13,14.0,93.0,6.0,1027.0,1,0,1,0,1,4
2018-11-14,14.0,94.0,5.0,1028.0,1,0,0,1,2,4
2018-11-15,13.0,93.0,4.0,1026.0,1,0,0,1,3,4
2018-11-16,11.0,73.0,11.0,1026.0,0,0,0,0,4,4
2018-11-17,9.0,67.0,5.0,1026.0,0,0,0,0,5,4
2018-11-18,6.0,63.0,6.0,1021.0,0,0,0,0,6,4
2018-11-19,5.0,72.0,10.0,1010.0,0,0,1,0,0,4
2018-11-20,5.0,91.0,6.0,1008.0,0,0,1,0,1,4
2018-11-21,4.0,95.0,6.0,1014.0,1,0,1,0,2,4
2018-11-22,9.0,90.0,3.0,1019.0,0,0,0,1,3,4
2018-11-23,9.0,96.0,6.0,1021.0,0,0,1,0,4,4
2018-11-24,9.0,95.0,6.0,1015.0,0,0,1,0,5,4
2018-11-25,9.0,91.0,5.0,1008.0,0,0,1,1,6,4
2018-11-26,10.0,87.0,6.0,1000.0,0,0,1,0,0,4
2018-11-27,9.0,85.0,5.0,1008.0,0,0,0,0,1,4
2018-11-28,6.0,81.0,4.0,1019.0,1,0,0,0,2,4
2018-11-29,5.0,85.0,6.0,1025.0,1,0,0,0,3,4
2018-11-30,3.0,92.0,4.0,1021.0,1,0,0,1,4,4
2018-12-01,3.0,96.0,3.0,1020.0,1,0,0,1,5,1
2018-12-02,4.0,91.0,6.0,1019.0,1,0,0,0,6,1
2018-12-03,7.0,85.0,5.0,1014.0,0,0,1,0,0,1
2018-12-04,8.0,87.0,6.0,1015.0,1,0,0,0,1,1
2018-12-05,6.0,90.0,5.0,1024.0,1,1,0,1,2,1
2018-12-06,7.0,94.0,4.0,1024.0,1,0,0,1,3,1
2018-12-07,5.0,100.0,4.0,1020.0,1,0,1,1,4,1
2018-12-08,10.0,62.0,12.0,1013.0,0,0,1,0,5,1
2018-12-09,7.0,75.0,8.0,1010.0,0,0,0,0,6,1
2018-12-10,7.0,58.0,13.0,1015.0,0,0,0,0,0,1
2018-12-11,7.0,56.0,9.0,1018.0,0,0,0,0,1,1
2018-12-12,1.0,82.0,3.0,1019.0,0,0,0,0,2,1
2018-12-13,2.0,72.0,4.0,1017.0,0,0,0,0,3,1
2018-12-14,0.0,89.0,2.0,1017.0,0,0,0,0,4,1
2018-12-15,-2.0,92.0,3.0,1019.0,1,0,0,1,5,1
2018-12-16,1.0,87.0,3.0,1019.0,0,0,1,0,6,1
2018-12-17,3.0,88.0,7.0,1022.0,0,0,0,0,0,1
2018-12-18,0.0,100.0,6.0,1028.0,1,0,0,0,1,1
2018-12-19,2.0,97.0,5.0,1024.0,1,1,1,1,2,1
2018-12-20,3.0,93.0,7.0,1023.0,0,0,1,0,3,1
2018-12-21,2.0,94.0,8.0,1026.0,1,0,0,0,4,1
2018-12-22,5.0,90.0,6.0,1021.0,1,0,0,0,5,1
2018-12-23,3.0,100.0,4.0,1023.0,1,0,0,1,6,1
2018-12-24,5.0,90.0,10.0,1018.0,1,0,0,0,0,1
2018-12-25,2.0,92.0,6.0,1029.0,1,0,0,0,1,1
2018-12-26,1.0,100.0,7.0,1031.0,1,0,0,0,2,1
2018-12-27,2.0,97.0,5.0,1028.0,1,0,0,1,3,1
2018-12-28,3.0,91.0,3.0,1024.0,1,0,0,1,4,1
2018-12-29,4.0,87.0,4.0,1026.0,1,0,0,0,5,1
2018-12-30,5.0,76.0,10.0,1024.0,1,0,0,0,6,1
2018-12-31,4.0,79.0,5.0,1026.0,1,0,0,0,0,1
2019-01-01,3.0,97.0,7.0,1027.0,1,0,0,0,1,1
2019-01-02,5.0,52.0,18.0,1020.0,1,0,0,0,2,1
2019-01-03,3.0,43.0,7.0,1026.0,0,0,0,0,3,1
2019-01-04,0.0,67.0,4.0,1028.0,0,0,0,0,4,1
2019-01-05,1.0,74.0,4.0,1021.0,0,0,0,0,5,1
2019-01-06,3.0,74.0,6.0,1019.0,1,0,0,0,6,1
2019-01-07,2.0,87.0,5.0,1025.0,1,0,0,0,0,1
2019-01-08,2.0,98.0,5.0,1017.0,1,0,0,1,1,1
2019-01-09,6.0,53.0,18.0,1007.0,1,0,0,0,2,1
2019-01-10,5.0,36.0,8.0,1011.0,0,0,0,0,3,1
2019-01-11,1.0,56.0,4.0,1019.0,0,0,0,0,4,1
2019-01-12,1.0,69.0,3.0,1018.0,0,0,0,0,5,1
2019-01-13,2.0,77.0,5.0,1010.0,0,0,0,0,6,1
2019-01-14,11.0,44.0,23.0,1005.0,0,0,0,0,0,1
2019-01-15,6.0,49.0,7.0,1017.0,0,0,0,0,1,1
2019-01-16,5.0,71.0,3.0,1019.0,0,0,1,0,2,1
2019-01-17,6.0,96.0,5.0,1013.0,0,0,1,1,3,1
2019-01-18,4.0,94.0,8.0,1012.0,1,1,0,0,4,1
2019-01-19,4.0,74.0,6.0,1016.0,0,0,0,0,5,1
2019-01-20,2.0,84.0,3.0,1015.0,1,1,0,0,6,1
2019-01-21,1.0,86.0,4.0,1016.0,1,0,0,0,0,1
2019-01-22,-1.0,89.0,3.0,1008.0,1,0,0,0,1,1
2019-01-23,0.0,91.0,6.0,997.0,1,1,1,0,2,1
2019-01-24,2.0,90.0,5.0,1000.0,1,0,1,1,3,1
2019-01-25,0.0,84.0,4.0,1007.0,1,0,0,0,4,1
2019-01-26,0.0,81.0,3.0,1010.0,1,0,0,0,5,1
2019-01-27,1.0,87.0,5.0,1002.0,0,1,1,0,6,1
2019-01-28,4.0,79.0,10.0,996.0,1,0,0,0,0,1
2019-01-29,2.0,81.0,5.0,1005.0,1,0,0,0,1,1
2019-01-30,3.0,90.0,7.0,1000.0,1,1,1,0,2,1
2019-01-31,1.0,99.0,5.0,1002.0,1,0,1,1,3,1
2019-02-01,1.0,99.0,4.0,999.0,0,1,1,1,4,1
2019-02-02,3.0,96.0,7.0,997.0,0,0,1,0,5,1
2019-02-03,4.0,94.0,5.0,1004.0,1,0,1,1,6,1
2019-02-04,5.0,82.0,4.0,1022.0,1,0,0,0,0,1
2019-02-05,,,,,0,0,0,0,1,1
2019-02-06,6.0,75.0,3.0,1024.0,1,0,0,0,2,1
2019-02-07,2.0,85.0,3.0,1019.0,1,0,0,0,3,1
2019-02-08,4.0,78.0,3.0,1020.0,1,0,0,0,4,1
2019-02-09,6.0,80.0,4.0,1019.0,1,0,0,0,5,1
2019-02-10,7.0,93.0,5.0,1015.0,0,0,1,1,6,1
2019-02-11,8.0,49.0,19.0,1013.0,0,0,0,0,0,1
2019-02-12,10.0,32.0,15.0,1024.0,0,0,0,0,1,1
2019-02-13,6.0,59.0,5.0,1034.0,0,0,0,0,2,1
2019-02-14,6.0,69.0,5.0,1034.0,1,0,0,0,3,1
2019-02-15,7.0,69.0,5.0,1031.0,0,0,0,0,4,1
2019-02-16,7.0,74.0,4.0,1031.0,0,0,0,0,5,1
2019-02-17,7.0,74.0,4.0,1027.0,1,0,0,0,6,1
2019-02-18,9.0,69.0,7.0,1023.0,0,0,0,0,0,1
2019-02-19,9.0,69.0,9.0,1022.0,0,0,0,0,1,1
2019-02-20,7.0,85.0,5.0,1024.0,1,0,0,0,2,1
2019-02-21,7.0,82.0,5.0,1027.0,1,0,0,0,3,1
2019-02-22,11.0,66.0,7.0,1024.0,0,0,0,0,4,1
2019-02-23,7.0,59.0,14.0,1033.0,0,0,0,0,5,1
2019-02-24,5.0,51.0,5.0,1036.0,0,0,0,0,6,1
2019-02-25,7.0,56.0,5.0,1033.0,0,0,0,0,0,1
2019-02-26,10.0,58.0,4.0,1028.0,0,0,0,0,1,1
2019-02-27,11.0,57.0,4.0,1024.0,0,0,0,0,2,1
2019-02-28,11.0,67.0,10.0,1018.0,0,0,0,0,3,1
2019-03-01,11.0,71.0,6.0,1012.0,1,0,0,0,4,2
2019-03-02,10.0,63.0,4.0,1014.0,0,0,0,0,5,2
2019-03-03,10.0,60.0,5.0,1017.0,0,0,0,0,6,2
2019-03-04,9.0,85.0,7.0,1011.0,1,0,1,0,0,2
2019-03-05,9.0,66.0,5.0,1011.0,1,0,0,0,1,2
2019-03-06,9.0,69.0,6.0,1016.0,0,0,1,0,2,2
2019-03-07,13.0,72.0,13.0,1009.0,0,0,1,0,3,2
2019-03-08,13.0,67.0,8.0,1016.0,0,0,0,0,4,2
2019-03-09,13.0,66.0,9.0,1021.0,0,0,0,0,5,2
2019-03-10,13.0,70.0,8.0,1016.0,0,0,0,0,6,2
2019-03-11,11.0,44.0,19.0,1016.0,0,0,0,0,0,2
2019-03-12,10.0,27.0,11.0,1023.0,0,0,0,0,1,2
2019-03-13,9.0,56.0,8.0,1013.0,0,0,0,0,2,2
2019-03-14,9.0,56.0,8.0,1012.0,1,0,0,0,3,2
2019-03-15,14.0,49.0,12.0,1010.0,0,0,0,0,4,2
2019-03-16,17.0,52.0,13.0,1013.0,0,0,0,0,5,2
2019-03-17,13.0,72.0,4.0,1013.0,0,0,0,0,6,2
2019-03-18,11.0,54.0,16.0,1013.0,0,0,1,0,0,2
2019-03-19,9.0,62.0,8.0,1023.0,0,0,0,0,1,2
2019-03-20,9.0,52.0,7.0,1030.0,0,0,0,0,2,2
2019-03-21,9.0,50.0,6.0,1032.0,0,0,0,0,3,2
2019-03-22,11.0,52.0,4.0,1029.0,0,0,0,0,4,2
2019-03-23,13.0,51.0,4.0,1025.0,0,0,0,0,5,2
2019-03-24,15.0,48.0,6.0,1020.0,0,0,0,0,6,2
2019-03-25,17.0,31.0,21.0,1011.0,0,0,0,0,0,2
2019-03-26,11.0,46.0,13.0,1020.0,0,0,1,0,1,2
2019-03-27,10.0,46.0,8.0,1026.0,0,0,0,0,2,2
2019-03-28,10.0,50.0,8.0,1029.0,0,0,0,0,3,2
2019-03-29,12.0,49.0,7.0,1030.0,0,0,0,0,4,2
2019-03-30,13.0,54.0,4.0,1024.0,0,0,0,0,5,2
2019-03-31,14.0,47.0,5.0,1017.0,0,0,0,0,6,2
2019-04-01,14.0,48.0,5.0,1016.0,0,0,0,0,0,2
2019-04-02,15.0,52.0,8.0,1013.0,0,0,1,0,1,2
2019-04-03,12.0,72.0,12.0,1007.0,0,0,1,0,2,2
2019-04-04,11.0,88.0,19.0,998.0,0,0,1,0,3,2
2019-04-05,12.0,69.0,7.0,1001.0,0,0,0,0,4,2
2019-04-06,13.0,69.0,9.0,1006.0,0,0,0,0,5,2
2019-04-07,11.0,79.0,7.0,1006.0,0,0,1,0,6,2
2019-04-08,12.0,76.0,8.0,1007.0,1,0,0,0,0,2
2019-04-09,15.0,61.0,9.0,1007.0,0,0,0,0,1,2
2019-04-10,13.0,71.0,6.0,1006.0,0,0,0,0,2,2
2019-04-11,12.0,89.0,6.0,1009.0,0,0,1,0,3,2
2019-04-12,13.0,82.0,7.0,1012.0,0,0,1,0,4,2
2019-04-13,12.0,74.0,13.0,1014.0,0,0,0,0,5,2
2019-04-14,9.0,85.0,13.0,1013.0,0,0,1,0,6,2
2019-04-15,13.0,70.0,6.0,1019.0,1,0,1,0,0,2
2019-04-16,14.0,64.0,5.0,1019.0,0,0,0,0,1,2
2019-04-17,15.0,61.0,5.0,1020.0,0,0,0,0,2,2
2019-04-18,16.0,59.0,11.0,1024.0,0,0,0,0,3,2
2019-04-19,16.0,57.0,7.0,1029.0,0,0,0,0,4,2
2019-04-20,17.0,57.0,6.0,1026.0,0,0,0,0,5,2
2019-04-21,18.0,49.0,7.0,1020.0,0,0,0,0,6,2
2019-04-22,16.0,56.0,13.0,1013.0,0,0,0,0,0,2
2019-04-23,13.0,92.0,14.0,1005.0,0,0,1,0,1,2
2019-04-24,15.0,90.0,11.0,1012.0,0,0,1,0,2,2
2019-04-25,14.0,91.0,8.0,1018.0,1,0,1,0,3,2
2019-04-26,15.0,77.0,14.0,1013.0,0,0,1,0,4,2
2019-04-27,15.0,55.0,9.0,1015.0,0,0,0,0,5,2
2019-04-28,16.0,40.0,13.0,1012.0,0,0,0,0,6,2
2019-04-29,12.0,70.0,8.0,1014.0,0,0,0,0,0,2
2019-04-30,15.0,59.0,8.0,1012.0,0,0,0,0,1,2
2019-05-01,17.0,54.0,7.0,1013.0,0,0,1,0,2,2
2019-05-02,17.0,62.0,11.0,1011.0,0,0,1,0,3,2
2019-05-03,15.0,78.0,7.0,1008.0,0,0,1,0,4,2
2019-05-04,15.0,77.0,7.0,1004.0,0,0,1,0,5,2
2019-05-05,10.0,78.0,11.0,1002.0,0,0,1,0,6,2
2019-05-06,12.0,64.0,6.0,1012.0,1,0,0,0,0,2
2019-05-07,13.0,58.0,7.0,1017.0,0,0,0,0,1,2
2019-05-08,12.0,84.0,9.0,1014.0,0,0,1,0,2,2
2019-05-09,14.0,75.0,7.0,1006.0,0,0,1,0,3,2
2019-05-10,17.0,71.0,7.0,1010.0,0,0,0,0,4,2
2019-05-11,16.0,76.0,8.0,1012.0,0,0,1,0,5,2
2019-05-12,14.0,75.0,9.0,1014.0,0,0,0,0,6,2
2019-05-13,16.0,57.0,8.0,1019.0,0,0,0,0,0,2
2019-05-14,14.0,66.0,13.0,1018.0,0,0,0,0,1,2
2019-05-15,11.0,65.0,10.0,1015.0,0,0,0,0,2,2
2019-05-16,15.0,65.0,7.0,1012.0,0,0,0,0,3,2
2019-05-17,16.0,68.0,12.0,1009.0,0,0,1,0,4,2
2019-05-18,14.0,87.0,8.0,1007.0,0,0,1,0,5,2
2019-05-19,14.0,93.0,4.0,1005.0,0,0,1,1,6,2
2019-05-20,15.0,88.0,6.0,1005.0,0,0,1,0,0,2
2019-05-21,18.0,69.0,12.0,1008.0,0,0,1,0,1,2
2019-05-22,19.0,68.0,8.0,1013.0,0,0,1,0,2,2
2019-05-23,21.0,66.0,6.0,1015.0,1,0,0,0,3,2
2019-05-24,20.0,63.0,6.0,1013.0,0,0,0,0,4,2
2019-05-25,18.0,73.0,8.0,1014.0,0,0,1,0,5,2
2019-05-26,19.0,72.0,6.0,1014.0,0,0,1,0,6,2
2019-05-27,17.0,88.0,8.0,1010.0,0,0,1,0,0,2
2019-05-28,17.0,83.0,7.0,1005.0,1,0,1,0,1,2
2019-05-29,16.0,75.0,8.0,1012.0,0,0,1,0,2,2
2019-05-30,19.0,64.0,8.0,1021.0,0,0,0,0,3,2
2019-05-31,20.0,55.0,8.0,1023.0,0,0,0,0,4,2
2019-06-01,22.0,57.0,6.0,1021.0,0,0,0,0,5,3
2019-06-02,23.0,58.0,5.0,1017.0,0,0,0,0,6,3
2019-06-03,24.0,52.0,7.0,1015.0,0,0,0,0,0,3
2019-06-04,25.0,55.0,7.0,1012.0,0,0,0,0,1,3
2019-06-05,25.0,50.0,8.0,1010.0,0,0,0,0,2,3
2019-06-06,22.0,62.0,11.0,1012.0,0,0,0,0,3,3
2019-06-07,22.0,54.0,7.0,1016.0,0,0,0,0,4,3
2019-06-08,24.0,56.0,7.0,1019.0,0,0,0,0,5,3
2019-06-09,22.0,65.0,7.0,1020.0,0,0,1,0,6,3
2019-06-10,24.0,69.0,9.0,1012.0,0,0,1,0,0,3
2019-06-11,24.0,67.0,6.0,1008.0,0,0,1,0,1,3
2019-06-12,24.0,61.0,7.0,1009.0,0,0,1,0,2,3
2019-06-13,22.0,46.0,8.0,1015.0,0,0,0,0,3,3
2019-06-14,24.0,53.0,7.0,1017.0,0,0,1,0,4,3
2019-06-15,24.0,66.0,8.0,1014.0,1,0,1,0,5,3
2019-06-16,25.0,56.0,10.0,1014.0,0,0,0,0,6,3
2019-06-17,26.0,53.0,9.0,1015.0,0,0,0,0,0,3
2019-06-18,27.0,54.0,7.0,1014.0,0,0,0,0,1,3
2019-06-19,27.0,52.0,8.0,1012.0,0,0,0,0,2,3
2019-06-20,26.0,43.0,8.0,1012.0,0,0,0,0,3,3
2019-06-21,25.0,51.0,7.0,1014.0,0,0,1,0,4,3
2019-06-22,21.0,74.0,9.0,1014.0,0,0,1,0,5,3
2019-06-23,24.0,66.0,5.0,1014.0,0,0,0,0,6,3
2019-06-24,26.0,61.0,6.0,1018.0,0,0,0,0,0,3
2019-06-25,28.0,57.0,6.0,1021.0,0,0,0,0,1,3
2019-06-26,30.0,59.0,6.0,1022.0,0,0,0,0,2,3
2019-06-27,31.0,64.0,8.0,1018.0,0,0,0,0,3,3
2019-06-28,30.0,65.0,10.0,1014.0,0,0,0,0,4,3
2019-06-29,30.0,45.0,14.0,1018.0,0,0,0,0,5,3
2019-06-30,29.0,49.0,7.0,1019.0,0,0,0,0,6,3
2019-07-01,28.0,55.0,8.0,1017.0,0,0,1,0,0,3
2019-07-02,28.0,46.0,9.0,1014.0,0,0,0,0,1,3
2019-07-03,27.0,57.0,11.0,1015.0,0,0,1,0,2,3
2019-07-04,25.0,63.0,7.0,1017.0,0,0,0,0,3,3
2019-07-05,28.0,58.0,7.0,1015.0,0,0,0,0,4,3
2019-07-06,28.0,60.0,8.0,1011.0,0,0,1,0,5,3
2019-07-07,27.0,68.0,9.0,1008.0,0,0,1,0,6,3
2019-07-08,27.0,58.0,8.0,1010.0,0,0,0,0,0,3
2019-07-09,25.0,65.0,13.0,1011.0,0,0,0,0,1,3
2019-07-10,25.0,61.0,12.0,1011.0,0,0,0,0,2,3
2019-07-11,25.0,52.0,10.0,1013.0,0,0,0,0,3,3
2019-07-12,25.0,56.0,8.0,1011.0,0,0,0,0,4,3
2019-07-13,25.0,58.0,8.0,1010.0,0,0,1,0,5,3
2019-07-14,24.0,49.0,11.0,1011.0,0,0,0,0,6,3
2019-07-15,20.0,74.0,11.0,1011.0,0,0,1,0,0,3
2019-07-16,23.0,68.0,5.0,1014.0,1,0,0,0,1,3
2019-07-17,24.0,58.0,6.0,1012.0,0,0,0,0,2,3
2019-07-18,24.0,60.0,9.0,1012.0,0,0,1,0,3,3
2019-07-19,25.0,61.0,6.0,1015.0,0,0,0,0,4,3
2019-07-20,27.0,61.0,6.0,1017.0,0,0,0,0,5,3
2019-07-21,27.0,55.0,7.0,1019.0,0,0,0,0,6,3
2019-07-22,28.0,58.0,6.0,1021.0,0,0,0,0,0,3
2019-07-23,29.0,64.0,6.0,1019.0,0,0,0,0,1,3
2019-07-24,29.0,63.0,6.0,1016.0,0,0,0,0,2,3
2019-07-25,30.0,59.0,7.0,1015.0,0,0,0,0,3,3
2019-07-26,30.0,54.0,8.0,1010.0,0,0,0,0,4,3
2019-07-27,25.0,64.0,10.0,1004.0,0,0,1,0,5,3
2019-07-28,24.0,72.0,8.0,999.0,0,0,0,0,6,3
2019-07-29,27.0,57.0,8.0,1005.0,0,0,0,0,0,3
2019-07-30,27.0,55.0,8.0,1010.0,0,0,0,0,1,3
2019-07-31,24.0,71.0,7.0,1012.0,0,0,0,0,2,3
2019-08-01,26.0,64.0,10.0,1014.0,0,0,0,0,3,3
2019-08-02,23.0,70.0,10.0,1011.0,0,0,1,0,4,3
2019-08-03,24.0,55.0,11.0,1012.0,0,0,0,0,5,3
2019-08-04,25.0,55.0,9.0,1014.0,0,0,0,0,6,3
2019-08-05,26.0,57.0,9.0,1015.0,0,0,0,0,0,3
2019-08-06,26.0,64.0,9.0,1014.0,0,0,1,0,1,3
2019-08-07,20.0,90.0,13.0,1012.0,0,0,1,0,2,3
2019-08-08,23.0,76.0,8.0,1012.0,1,0,0,0,3,3
2019-08-09,26.0,74.0,8.0,1015.0,0,0,0,0,4,3
2019-08-10,27.0,72.0,7.0,1015.0,0,0,0,0,5,3
2019-08-11,26.0,75.0,7.0,1015.0,0,0,0,0,6,3
2019-08-12,24.0,80.0,12.0,1012.0,0,0,1,0,0,3
2019-08-13,23.0,61.0,13.0,1012.0,0,0,0,0,1,3
2019-08-14,24.0,32.0,13.0,1014.0,0,0,0,0,2,3
2019-08-15,22.0,59.0,9.0,1016.0,0,0,0,0,3,3
2019-08-16,23.0,62.0,9.0,1016.0,0,0,0,0,4,3
2019-08-17,23.0,64.0,8.0,1017.0,0,0,0,0,5,3
2019-08-18,24.0,65.0,8.0,1016.0,0,0,0,0,6,3
2019-08-19,25.0,68.0,8.0,1016.0,0,0,0,0,0,3
2019-08-20,23.0,85.0,13.0,1018.0,0,0,1,0,1,3
2019-08-21,25.0,61.0,11.0,1019.0,0,0,0,0,2,3
2019-08-22,25.0,63.0,12.0,1021.0,0,0,1,0,3,3
2019-08-23,23.0,75.0,9.0,1022.0,0,0,1,0,4,3
2019-08-24,24.0,71.0,9.0,1020.0,0,0,1,0,5,3
2019-08-25,25.0,68.0,9.0,1018.0,0,0,0,0,6,3
2019-08-26,25.0,68.0,9.0,1018.0,0,0,0,0,0,3
2019-08-27,25.0,70.0,9.0,1018.0,0,0,0,0,1,3
2019-08-28,21.0,92.0,13.0,1019.0,0,0,1,0,2,3
2019-08-29,24.0,73.0,7.0,1018.0,1,0,0,0,3,3
2019-08-30,25.0,66.0,9.0,1019.0,0,0,0,0,4,3
2019-08-31,24.0,78.0,11.0,1017.0,0,0,1,0,5,3
2019-09-01,25.0,71.0,10.0,1013.0,0,0,0,0,6,4
2019-09-02,24.0,70.0,8.0,1014.0,0,0,1,0,0,4
2019-09-03,22.0,60.0,9.0,1019.0,0,0,0,0,1,4
2019-09-04,22.0,63.0,8.0,1019.0,0,0,0,0,2,4
2019-09-05,19.0,79.0,14.0,1013.0,0,0,1,0,3,4
2019-09-06,16.0,78.0,15.0,1016.0,0,0,1,0,4,4
2019-09-07,18.0,79.0,6.0,1015.0,1,0,0,0,5,4
2019-09-08,17.0,75.0,13.0,1012.0,0,0,1,0,6,4
2019-09-09,16.0,63.0,9.0,1012.0,1,0,0,0,0,4
2019-09-10,17.0,70.0,9.0,1017.0,0,0,0,0,1,4
2019-09-11,19.0,67.0,8.0,1021.0,0,0,0,0,2,4
2019-09-12,21.0,71.0,7.0,1028.0,0,0,0,0,3,4
2019-09-13,22.0,72.0,9.0,1030.0,0,0,0,0,4,4
2019-09-14,22.0,77.0,7.0,1028.0,1,0,0,0,5,4
2019-09-15,22.0,78.0,7.0,1025.0,0,0,0,0,6,4
2019-09-16,23.0,78.0,7.0,1019.0,1,0,0,0,0,4
2019-09-17,23.0,74.0,8.0,1015.0,1,0,0,0,1,4
2019-09-18,21.0,79.0,7.0,1015.0,0,0,1,0,2,4
2019-09-19,18.0,85.0,8.0,1020.0,0,0,1,0,3,4
2019-09-20,18.0,63.0,7.0,1025.0,0,0,0,0,4,4
2019-09-21,16.0,64.0,6.0,1024.0,0,0,0,0,5,4
2019-09-22,16.0,80.0,8.0,1019.0,0,0,1,0,6,4
2019-09-23,17.0,85.0,7.0,1014.0,0,0,1,0,0,4
2019-09-24,16.0,79.0,7.0,1014.0,1,0,0,0,1,4
2019-09-25,17.0,76.0,7.0,1010.0,0,0,0,0,2,4
2019-09-26,18.0,85.0,8.0,1014.0,0,0,0,0,3,4
2019-09-27,19.0,86.0,6.0,1017.0,0,0,0,0,4,4
2019-09-28,20.0,83.0,6.0,1016.0,0,0,0,0,5,4
2019-09-29,19.0,80.0,8.0,1015.0,1,0,0,0,6,4
2019-09-30,20.0,76.0,8.0,1011.0,0,0,0,0,0,4
2019-10-01,19.0,84.0,8.0,1012.0,1,0,1,0,1,4
2019-10-02,19.0,79.0,8.0,1004.0,1,0,1,0,2,4
2019-10-03,18.0,33.0,16.0,1011.0,0,0,1,0,3,4
2019-10-04,13.0,74.0,9.0,1013.0,0,0,0,0,4,4
2019-10-05,14.0,73.0,9.0,1010.0,1,0,0,0,5,4
2019-10-06,15.0,78.0,8.0,1014.0,0,0,1,0,6,4
2019-10-07,15.0,82.0,8.0,1013.0,1,0,1,0,0,4
2019-10-08,14.0,83.0,7.0,1019.0,1,0,0,0,1,4
2019-10-09,14.0,95.0,6.0,1017.0,0,0,1,0,2,4
2019-10-10,14.0,89.0,8.0,1016.0,1,0,0,0,3,4
2019-10-11,13.0,86.0,7.0,1024.0,1,0,0,0,4,4
2019-10-12,13.0,86.0,6.0,1024.0,1,0,0,0,5,4
2019-10-13,14.0,85.0,8.0,1024.0,1,0,0,0,6,4
2019-10-14,16.0,82.0,5.0,1022.0,0,0,0,0,0,4
2019-10-15,16.0,98.0,18.0,1012.0,0,0,1,0,1,4
2019-10-16,13.0,83.0,8.0,1016.0,1,0,0,0,2,4
2019-10-17,14.0,82.0,7.0,1019.0,1,0,0,0,3,4
2019-10-18,15.0,92.0,5.0,1018.0,0,0,1,1,4,4
2019-10-19,15.0,100.0,11.0,1015.0,0,0,1,0,5,4
2019-10-20,16.0,100.0,12.0,1017.0,0,0,1,0,6,4
2019-10-21,17.0,99.0,12.0,1020.0,0,0,1,0,0,4
2019-10-22,18.0,91.0,7.0,1023.0,1,0,0,0,1,4
2019-10-23,17.0,92.0,7.0,1020.0,1,0,1,0,2,4
2019-10-24,16.0,100.0,10.0,1016.0,0,0,1,0,3,4
2019-10-25,16.0,89.0,6.0,1020.0,1,0,0,0,4,4
2019-10-26,15.0,85.0,10.0,1024.0,1,0,0,0,5,4
2019-10-27,14.0,85.0,7.0,1021.0,1,0,0,0,6,4
2019-10-28,15.0,93.0,6.0,1016.0,1,0,0,0,0,4
2019-10-29,15.0,98.0,5.0,1016.0,1,0,1,1,1,4
2019-10-30,13.0,92.0,8.0,1020.0,0,0,0,0,2,4
2019-10-31,12.0,79.0,7.0,1020.0,0,0,0,0,3,4
2019-11-01,12.0,72.0,5.0,1017.0,0,0,0,0,4,4
2019-11-02,11.0,87.0,4.0,1009.0,0,0,1,0,5,4
2019-11-03,11.0,96.0,7.0,995.0,0,0,1,0,6,4
2019-11-04,12.0,90.0,7.0,997.0,1,0,0,0,0,4
2019-11-05,13.0,89.0,6.0,997.0,1,0,1,0,1,4
2019-11-06,10.0,94.0,5.0,1003.0,1,0,1,1,2,4
2019-11-07,9.0,93.0,7.0,1007.0,1,0,1,0,3,4
2019-11-08,10.0,89.0,11.0,1003.0,0,0,1,0,4,4
2019-11-09,9.0,84.0,6.0,1008.0,1,0,1,0,5,4
2019-11-10,8.0,89.0,4.0,1011.0,1,0,0,0,6,4
2019-11-11,8.0,89.0,5.0,1013.0,1,0,1,0,0,4
2019-11-12,8.0,91.0,6.0,1002.0,0,0,1,0,1,4
2019-11-13,9.0,75.0,7.0,999.0,1,0,0,0,2,4
2019-11-14,7.0,75.0,8.0,1007.0,0,0,1,0,3,4
2019-11-15,8.0,90.0,12.0,1001.0,0,0,1,0,4,4
2019-11-16,8.0,92.0,4.0,1011.0,0,0,1,1,5,4
2019-11-17,7.0,94.0,6.0,1004.0,0,0,1,0,6,4
2019-11-18,7.0,93.0,5.0,1012.0,1,0,1,1,0,4
2019-11-19,8.0,97.0,6.0,1015.0,0,0,1,0,1,4
2019-11-20,9.0,95.0,6.0,1013.0,0,0,1,0,2,4
2019-11-21,10.0,92.0,6.0,1012.0,0,0,1,0,3,4
2019-11-22,10.0,93.0,10.0,1012.0,0,0,1,0,4,4
2019-11-23,12.0,85.0,21.0,1005.0,0,0,1,0,5,4
2019-11-24,12.0,86.0,13.0,1006.0,0,0,1,0,6,4
2019-11-25,13.0,83.0,7.0,1009.0,1,0,1,0,0,4
2019-11-26,10.0,94.0,3.0,1009.0,1,0,1,1,1,4
2019-11-27,10.0,96.0,8.0,1005.0,0,0,1,0,2,4
2019-11-28,10.0,93.0,6.0,1004.0,0,0,0,0,3,4
2019-11-29,6.0,96.0,5.0,1009.0,1,0,0,1,4,4
2019-11-30,5.0,96.0,8.0,1018.0,1,0,0,0,5,4
2019-12-01,8.0,93.0,5.0,1020.0,0,0,1,1,6,1
2019-12-02,7.0,89.0,7.0,1016.0,0,0,1,0,0,1
2019-12-03,9.0,74.0,8.0,1024.0,0,0,0,0,1,1
2019-12-04,5.0,69.0,5.0,1026.0,0,0,0,0,2,1
2019-12-05,3.0,88.0,3.0,1026.0,1,0,0,0,3,1
2019-12-06,3.0,89.0,4.0,1024.0,1,0,0,0,4,1
2019-12-07,6.0,81.0,6.0,1019.0,0,0,0,0,5,1
2019-12-08,6.0,87.0,5.0,1019.0,1,1,1,0,6,1
2019-12-09,7.0,91.0,4.0,1009.0,1,0,1,1,0,1
2019-12-10,9.0,45.0,15.0,1017.0,1,0,0,0,1,1
2019-12-11,4.0,70.0,5.0,1016.0,0,0,0,0,2,1
2019-12-12,3.0,87.0,6.0,1006.0,0,0,1,0,3,1
2019-12-13,2.0,92.0,9.0,993.0,0,1,1,0,4,1
2019-12-14,4.0,80.0,7.0,1002.0,0,0,0,0,5,1
2019-12-15,5.0,90.0,5.0,1015.0,0,0,1,1,6,1
2019-12-16,7.0,98.0,3.0,1021.0,0,0,1,1,0,1
2019-12-17,8.0,95.0,4.0,1019.0,0,0,1,1,1,1
2019-12-18,9.0,95.0,3.0,1023.0,0,0,1,1,2,1
2019-12-19,10.0,97.0,6.0,1020.0,1,0,1,0,3,1
2019-12-20,10.0,93.0,16.0,1006.0,1,0,1,0,4,1
2019-12-21,9.0,95.0,8.0,994.0,0,0,1,0,5,1
2019-12-22,9.0,84.0,10.0,990.0,0,0,1,0,6,1
2019-12-23,10.0,57.0,13.0,1006.0,0,0,0,0,0,1
2019-12-24,9.0,58.0,8.0,1015.0,0,0,0,0,1,1
2019-12-25,8.0,59.0,7.0,1015.0,0,0,0,0,2,1
2019-12-26,4.0,80.0,4.0,1022.0,0,0,0,0,3,1
2019-12-27,3.0,85.0,4.0,1023.0,1,0,0,0,4,1
2019-12-28,3.0,87.0,3.0,1030.0,1,0,0,0,5,1
2019-12-29,2.0,97.0,4.0,1034.0,1,0,0,1,6,1
2019-12-30,4.0,86.0,7.0,1036.0,0,0,0,0,0,1
2019-12-31,3.0,88.0,5.0,1031.0,1,0,0,0,1,1
